To honour the JVM settings for this build a single-use Daemon process will be forked. For more on this, please refer to https://docs.gradle.org/9.2.1/userguide/gradle_daemon.html#sec:disabling_the_daemon in the Gradle documentation.
Daemon will be stopped at the end of the build 

> Configure project :
Fabric Loom: 1.15.5

Cannot remap modifiers because it does not exist in any of the targets [] or their parents.

> Configure project :
:remapping sources

> Task :clean

> Task :compileJava
C:\Users\Игорь\Desktop\player music\music-player-repair-work\extract\zalypamod-main\src\main\java\dev\musicplayer\ui\MusicHud.java:6: error: cannot find symbol
import net.fabricmc.fabric.api.client.rendering.v1.HudElementRegistry;
                                                  ^
  symbol:   class HudElementRegistry
  location: package net.fabricmc.fabric.api.client.rendering.v1
C:\Users\Игорь\Desktop\player music\music-player-repair-work\extract\zalypamod-main\src\main\java\dev\musicplayer\ui\MusicHud.java:9: error: cannot find symbol
import net.minecraft.resources.ResourceLocation;
                              ^
  symbol:   class ResourceLocation
  location: package net.minecraft.resources
C:\Users\Игорь\Desktop\player music\music-player-repair-work\extract\zalypamod-main\src\main\java\dev\musicplayer\ui\MusicHud.java:115: error: cannot find symbol
    private static void drawMaskedTexture(GuiGraphics g,ResourceLocation id,int x,int y,int w,int h,String mask,int radius){
                                                        ^
  symbol:   class ResourceLocation
  location: class MusicHud
C:\Users\Игорь\Desktop\player music\music-player-repair-work\extract\zalypamod-main\src\main\java\dev\musicplayer\ui\TextureCache.java:5: error: cannot find symbol
import net.minecraft.resources.ResourceLocation;
                              ^
  symbol:   class ResourceLocation
  location: package net.minecraft.resources
C:\Users\Игорь\Desktop\player music\music-player-repair-work\extract\zalypamod-main\src\main\java\dev\musicplayer\ui\TextureCache.java:13: error: cannot find symbol
    private static final LinkedHashMap<String,ResourceLocation> MAP=new LinkedHashMap<>(64,.75f,true);
                                              ^
  symbol:   class ResourceLocation
  location: class TextureCache
C:\Users\Игорь\Desktop\player music\music-player-repair-work\extract\zalypamod-main\src\main\java\dev\musicplayer\ui\TextureCache.java:16: error: cannot find symbol
    public static synchronized ResourceLocation get(Path p){
                               ^
  symbol:   class ResourceLocation
  location: class TextureCache
C:\Users\Игорь\Desktop\player music\music-player-repair-work\extract\zalypamod-main\src\main\java\dev\musicplayer\ui\TextureCache.java:30: error: cannot find symbol
    private static void removeInternal(String k,ResourceLocation id){MAP.remove(k);STAMPS.remove(k);try{Minecraft.getInstance().getTextureManager().release(id);}catch(Exception ignored){}}
                                                ^
  symbol:   class ResourceLocation
  location: class TextureCache
C:\Users\Игорь\Desktop\player music\music-player-repair-work\extract\zalypamod-main\src\main\java\dev\musicplayer\client\KeyBindings.java:12: error: incompatible types: String cannot be converted to Category
 private static KeyMapping reg(String id,int key,String cat){return KeyBindingHelper.registerKeyBinding(new KeyMapping(id,InputConstants.Type.KEYSYM,key,cat));}
                                                                                                                                                         ^
C:\Users\Игорь\Desktop\player music\music-player-repair-work\extract\zalypamod-main\src\main\java\dev\musicplayer\client\KeyBindings.java:14: error: cannot find symbol
 public static int code(KeyMapping m){return m.getKey().getValue();}
                                              ^
  symbol:   method getKey()
  location: variable m of type KeyMapping
C:\Users\Игорь\Desktop\player music\music-player-repair-work\extract\zalypamod-main\src\main\java\dev\musicplayer\library\MusicLibrary.java:35: error: incompatible types: Object cannot be converted to Track
    public synchronized List<Track> search(String q){if(q==null||q.isBlank())return all();String[] tokens=normalize(q).split("\\s+");return tracks.stream().filter(t->{String hay=normalize(t.title+" "+t.artist+" "+t.album+" "+t.genre+" "+t.file.getFileName());for(String token:tokens)if(!token.isBlank()&&!hay.contains(token))return false;return true;}).sorted(Comparator.comparingInt(t->searchScore(t,tokens)).reversed().thenComparing(t->t.title,String.CASE_INSENSITIVE_ORDER)).toList();}
                                                                                                                                                                                                                                                                                                                                                                                                               ^
C:\Users\Игорь\Desktop\player music\music-player-repair-work\extract\zalypamod-main\src\main\java\dev\musicplayer\library\MusicLibrary.java:35: error: cannot find symbol
    public synchronized List<Track> search(String q){if(q==null||q.isBlank())return all();String[] tokens=normalize(q).split("\\s+");return tracks.stream().filter(t->{String hay=normalize(t.title+" "+t.artist+" "+t.album+" "+t.genre+" "+t.file.getFileName());for(String token:tokens)if(!token.isBlank()&&!hay.contains(token))return false;return true;}).sorted(Comparator.comparingInt(t->searchScore(t,tokens)).reversed().thenComparing(t->t.title,String.CASE_INSENSITIVE_ORDER)).toList();}
                                                                                                                                                                                                                                                                                                                                                                                                                                                       ^
  symbol:   variable title
  location: variable t of type Object
C:\Users\Игорь\Desktop\player music\music-player-repair-work\extract\zalypamod-main\src\main\java\dev\musicplayer\library\MetadataCache.java:24: error: incompatible types: Object cannot be converted to Map<? extends String,? extends Entry>
    private void load(){try{if(Files.exists(file)){var m=gson.fromJson(Files.readString(file),Map.class);if(m!=null){var parsed=gson.fromJson(Files.readString(file),new com.google.gson.reflect.TypeToken<Map<String,Entry>>(){}.getType());if(parsed!=null)entries.putAll(parsed);}}}catch(Exception ignored){entries.clear();}}
                                                                                                                                                                                                                                                                            ^
C:\Users\Игорь\Desktop\player music\music-player-repair-work\extract\zalypamod-main\src\main\java\dev\musicplayer\ui\HudInteraction.java:26: error: cannot find symbol
        long window = mc.getWindow().getWindow();
                                    ^
  symbol:   method getWindow()
  location: class Window
C:\Users\Игорь\Desktop\player music\music-player-repair-work\extract\zalypamod-main\src\main\java\dev\musicplayer\ui\MusicHud.java:18: error: cannot find symbol
    public static void init(){HudElementRegistry.addLast(ResourceLocation.fromNamespaceAndPath("musicplayer","player"),(g,d)->render(g));}
                              ^
  symbol:   variable HudElementRegistry
  location: class MusicHud
C:\Users\Игорь\Desktop\player music\music-player-repair-work\extract\zalypamod-main\src\main\java\dev\musicplayer\ui\MusicHud.java:18: error: cannot find symbol
    public static void init(){HudElementRegistry.addLast(ResourceLocation.fromNamespaceAndPath("musicplayer","player"),(g,d)->render(g));}
                                                         ^
  symbol:   variable ResourceLocation
  location: class MusicHud
C:\Users\Игорь\Desktop\player music\music-player-repair-work\extract\zalypamod-main\src\main\java\dev\musicplayer\ui\MusicHud.java:33: error: cannot find symbol
            ResourceLocation id=TextureCache.get(th.root.resolve(th.background.image));
            ^
  symbol:   class ResourceLocation
  location: class MusicHud
C:\Users\Игорь\Desktop\player music\music-player-repair-work\extract\zalypamod-main\src\main\java\dev\musicplayer\ui\MusicHud.java:56: error: cannot find symbol
        g.pose().pushPose();
                ^
  symbol:   method pushPose()
  location: class Matrix3x2fStack
C:\Users\Игорь\Desktop\player music\music-player-repair-work\extract\zalypamod-main\src\main\java\dev\musicplayer\ui\MusicHud.java:57: error: incompatible types: int cannot be converted to Matrix3x2f
        if(rot!=0){g.pose().translate(px+pw/2f,py+ph/2f,0);g.pose().mulPose(com.mojang.math.Axis.ZP.rotationDegrees(rot));g.pose().translate(-pw/2f,-ph/2f,0);px=0;py=0;}
                                                        ^
C:\Users\Игорь\Desktop\player music\music-player-repair-work\extract\zalypamod-main\src\main\java\dev\musicplayer\ui\MusicHud.java:57: error: cannot find symbol
        if(rot!=0){g.pose().translate(px+pw/2f,py+ph/2f,0);g.pose().mulPose(com.mojang.math.Axis.ZP.rotationDegrees(rot));g.pose().translate(-pw/2f,-ph/2f,0);px=0;py=0;}
                                                                   ^
  symbol:   method mulPose(Quaternionf)
  location: class Matrix3x2fStack
C:\Users\Игорь\Desktop\player music\music-player-repair-work\extract\zalypamod-main\src\main\java\dev\musicplayer\ui\MusicHud.java:57: error: incompatible types: int cannot be converted to Matrix3x2f
        if(rot!=0){g.pose().translate(px+pw/2f,py+ph/2f,0);g.pose().mulPose(com.mojang.math.Axis.ZP.rotationDegrees(rot));g.pose().translate(-pw/2f,-ph/2f,0);px=0;py=0;}
                                                                                                                                                           ^
C:\Users\Игорь\Desktop\player music\music-player-repair-work\extract\zalypamod-main\src\main\java\dev\musicplayer\ui\MusicHud.java:71: error: cannot find symbol
        g.pose().popPose();
                ^
  symbol:   method popPose()
  location: class Matrix3x2fStack
C:\Users\Игорь\Desktop\player music\music-player-repair-work\extract\zalypamod-main\src\main\java\dev\musicplayer\ui\MusicHud.java:108: error: cannot find symbol
        Minecraft.getInstance().font.drawInBatch(text, x, y+Math.max(0,(h-Minecraft.getInstance().font.lineHeight)/2), c, l.shadow, g.pose().last().pose(), net.minecraft.client.renderer.MultiBufferSource.BufferSource.immediate(net.minecraft.client.renderer.RenderType.textIntensity(Minecraft.getInstance().font.getId())), net.minecraft.client.renderer.LightTexture.FULL_BRIGHT, 0,0);
                                                                                                                                            ^
  symbol:   method last()
  location: class Matrix3x2fStack
C:\Users\Игорь\Desktop\player music\music-player-repair-work\extract\zalypamod-main\src\main\java\dev\musicplayer\ui\MusicHud.java:108: error: cannot find symbol
        Minecraft.getInstance().font.drawInBatch(text, x, y+Math.max(0,(h-Minecraft.getInstance().font.lineHeight)/2), c, l.shadow, g.pose().last().pose(), net.minecraft.client.renderer.MultiBufferSource.BufferSource.immediate(net.minecraft.client.renderer.RenderType.textIntensity(Minecraft.getInstance().font.getId())), net.minecraft.client.renderer.LightTexture.FULL_BRIGHT, 0,0);
                                                                                                                                                                                                                                                                ^
  symbol:   class RenderType
  location: package net.minecraft.client.renderer
C:\Users\Игорь\Desktop\player music\music-player-repair-work\extract\zalypamod-main\src\main\java\dev\musicplayer\ui\MusicHud.java:108: error: cannot find symbol
        Minecraft.getInstance().font.drawInBatch(text, x, y+Math.max(0,(h-Minecraft.getInstance().font.lineHeight)/2), c, l.shadow, g.pose().last().pose(), net.minecraft.client.renderer.MultiBufferSource.BufferSource.immediate(net.minecraft.client.renderer.RenderType.textIntensity(Minecraft.getInstance().font.getId())), net.minecraft.client.renderer.LightTexture.FULL_BRIGHT, 0,0);
                                                                                                                                                                                                                                                                                                                      ^
  symbol:   method getId()
  location: variable font of type Font
C:\Users\Игорь\Desktop\player music\music-player-repair-work\extract\zalypamod-main\src\main\java\dev\musicplayer\ui\MusicHud.java:112: error: cannot find symbol
        ResourceLocation id=TextureCache.get(th.root.resolve(l.image));if(id!=null)drawMaskedTexture(g,id,x,y,w,h,l.mask,l.maskRadius);
        ^
  symbol:   class ResourceLocation
  location: class MusicHud
C:\Users\Игорь\Desktop\player music\music-player-repair-work\extract\zalypamod-main\src\main\java\dev\musicplayer\ui\MusicHud.java:130: error: cannot find symbol
        Path art=t.artwork; ResourceLocation id=art==null?null:TextureCache.get(art);
                            ^
  symbol:   class ResourceLocation
  location: class MusicHud
C:\Users\Игорь\Desktop\player music\music-player-repair-work\extract\zalypamod-main\src\main\java\dev\musicplayer\ui\MusicHud.java:140: error: cannot find symbol
        g.pose().pushPose();
                ^
  symbol:   method pushPose()
  location: class Matrix3x2fStack
C:\Users\Игорь\Desktop\player music\music-player-repair-work\extract\zalypamod-main\src\main\java\dev\musicplayer\ui\MusicHud.java:141: error: incompatible types: int cannot be converted to Matrix3x2f
        if(angle!=0){g.pose().translate(cx,cy,0);g.pose().mulPose(com.mojang.math.Axis.ZP.rotationDegrees(angle));g.pose().translate(-cx,-cy,0);}
                                              ^
C:\Users\Игорь\Desktop\player music\music-player-repair-work\extract\zalypamod-main\src\main\java\dev\musicplayer\ui\MusicHud.java:141: error: cannot find symbol
        if(angle!=0){g.pose().translate(cx,cy,0);g.pose().mulPose(com.mojang.math.Axis.ZP.rotationDegrees(angle));g.pose().translate(-cx,-cy,0);}
                                                         ^
  symbol:   method mulPose(Quaternionf)
  location: class Matrix3x2fStack
C:\Users\Игорь\Desktop\player music\music-player-repair-work\extract\zalypamod-main\src\main\java\dev\musicplayer\ui\MusicHud.java:141: error: incompatible types: int cannot be converted to Matrix3x2f
        if(angle!=0){g.pose().translate(cx,cy,0);g.pose().mulPose(com.mojang.math.Axis.ZP.rotationDegrees(angle));g.pose().translate(-cx,-cy,0);}
                                                                                                                                             ^
C:\Users\Игорь\Desktop\player music\music-player-repair-work\extract\zalypamod-main\src\main\java\dev\musicplayer\ui\MusicHud.java:164: error: cannot find symbol
        g.pose().popPose();
                ^
  symbol:   method popPose()
  location: class Matrix3x2fStack
C:\Users\Игорь\Desktop\player music\music-player-repair-work\extract\zalypamod-main\src\main\java\dev\musicplayer\ui\MusicHud.java:180: error: incompatible types: possible lossy conversion from double to float
            int prevX=x,prevY=y+h/2; for(int i=0;i<n;i++){int xx=x+(int)(i/(double)(n-1)*Math.max(1,w-1));float v=Math.max(0,Math.min(1,s[(int)(i/(double)n*s.length)]*sens));int yy=y+h/2-(int)(v*h*.45);if(i>0)line(g,prevX,prevY,xx,yy,c,Math.max(1,(int)th.visualizer.waveThickness));prevX=xx;prevY=yy;} return;
                                                                                                                          ^
C:\Users\Игорь\Desktop\player music\music-player-repair-work\extract\zalypamod-main\src\main\java\dev\musicplayer\ui\MusicHud.java:185: error: incompatible types: possible lossy conversion from double to float
            for(int ring=0;ring<rings;ring++){double radius=base*(1+ring*th.visualizer.ringGap);for(int i=0;i<n;i++){double a0=Math.PI*2*i/n+System.nanoTime()/1e9*.05*th.visualizer.rotationSpeed;float v=Math.max(0,Math.min(1,s[i%s.length]*sens));double r1=radius+v*Math.min(w,h)*.22;line(g,cx+(int)(Math.cos(a0)*radius),cy+(int)(Math.sin(a0)*radius),cx+(int)(Math.cos(a0)*r1),cy+(int)(Math.sin(a0)*r1),c,Math.max(1,(int)th.visualizer.thickness));}} return;
                                                                                                                                                                                                                   ^
C:\Users\Игорь\Desktop\player music\music-player-repair-work\extract\zalypamod-main\src\main\java\dev\musicplayer\ui\MusicHud.java:192: error: incompatible types: possible lossy conversion from double to float
            int prevX=x,prevY=y+h; for(int i=0;i<n;i++){int xx=x+(int)(i/(double)Math.max(1,n-1)*(w-1));float v=Math.max(0,Math.min(1,s[(int)(i/(double)n*s.length)]*sens));int yy=y+h-(int)(v*h);if(i>0)line(g,prevX,prevY,xx,yy,c,Math.max(1,(int)th.visualizer.thickness));if(th.visualizer.filled)g.fill(Math.min(prevX,xx),yy,Math.max(prevX,xx)+2,y+h,c);prevX=xx;prevY=yy;}return;
                                                                                                                        ^
C:\Users\Игорь\Desktop\player music\music-player-repair-work\extract\zalypamod-main\src\main\java\dev\musicplayer\ui\MusicHud.java:194: error: incompatible types: possible lossy conversion from double to float
        for(int i=0;i<n;i++){int idx=(int)((i/(double)n)*s.length);float v=Math.max(0,Math.min(1,s[idx]*sens));int bh=(int)(v*h);int bx=x+i*w/n;int bw=Math.max(1,w/n-1);g.fill(bx,y+h-bh,bx+bw,y+h,c);if(th.visualizer.mirror)g.fill(bx,y,bx+bw,y+bh/3,parse(th.accent,(int)(120*th.visualizer.opacity)));}
                                                                                   ^
C:\Users\Игорь\Desktop\player music\music-player-repair-work\extract\zalypamod-main\src\main\java\dev\musicplayer\ui\MusicHud.java:206: error: cannot find symbol
        if(cover>0&&t.artwork!=null){ResourceLocation id=TextureCache.get(t.artwork);if(id!=null)g.blit(id,ix+5,iy+5,cover,cover,0,0,1,1,1,1);}
                                     ^
  symbol:   class ResourceLocation
  location: class MusicHud
C:\Users\Игорь\Desktop\player music\music-player-repair-work\extract\zalypamod-main\src\main\java\dev\musicplayer\ui\MusicScreen.java:73: error: cannot find symbol
        Comparator<Track> c=switch(sort){case "Artist"->Comparator.comparing(Track::displayArtist,String.CASE_INSENSITIVE_ORDER).thenComparing(t->t.title,String.CASE_INSENSITIVE_ORDER);case "Album"->Comparator.comparing(Track::displayAlbum,String.CASE_INSENSITIVE_ORDER).thenComparingInt(t->t.trackNumber);case "Duration"->Comparator.comparingLong(t->t.durationMs);case "Genre"->Comparator.comparing(t->t.genre==null?"":t.genre,String.CASE_INSENSITIVE_ORDER).thenComparing(t->t.title,String.CASE_INSENSITIVE_ORDER);default->Comparator.comparing(t->t.title,String.CASE_INSENSITIVE_ORDER);};
                                                                                                                                                                                                                                                                                                                                                                                                                    ^
  symbol:   variable genre
  location: variable t of type Object
C:\Users\Игорь\Desktop\player music\music-player-repair-work\extract\zalypamod-main\src\main\java\dev\musicplayer\ui\MusicScreen.java:73: error: cannot find symbol
        Comparator<Track> c=switch(sort){case "Artist"->Comparator.comparing(Track::displayArtist,String.CASE_INSENSITIVE_ORDER).thenComparing(t->t.title,String.CASE_INSENSITIVE_ORDER);case "Album"->Comparator.comparing(Track::displayAlbum,String.CASE_INSENSITIVE_ORDER).thenComparingInt(t->t.trackNumber);case "Duration"->Comparator.comparingLong(t->t.durationMs);case "Genre"->Comparator.comparing(t->t.genre==null?"":t.genre,String.CASE_INSENSITIVE_ORDER).thenComparing(t->t.title,String.CASE_INSENSITIVE_ORDER);default->Comparator.comparing(t->t.title,String.CASE_INSENSITIVE_ORDER);};
                                                                                                                                                                                                                                                                                                                                                                                                                                     ^
  symbol:   variable genre
  location: variable t of type Object
C:\Users\Игорь\Desktop\player music\music-player-repair-work\extract\zalypamod-main\src\main\java\dev\musicplayer\ui\MusicScreen.java:73: error: cannot find symbol
        Comparator<Track> c=switch(sort){case "Artist"->Comparator.comparing(Track::displayArtist,String.CASE_INSENSITIVE_ORDER).thenComparing(t->t.title,String.CASE_INSENSITIVE_ORDER);case "Album"->Comparator.comparing(Track::displayAlbum,String.CASE_INSENSITIVE_ORDER).thenComparingInt(t->t.trackNumber);case "Duration"->Comparator.comparingLong(t->t.durationMs);case "Genre"->Comparator.comparing(t->t.genre==null?"":t.genre,String.CASE_INSENSITIVE_ORDER).thenComparing(t->t.title,String.CASE_INSENSITIVE_ORDER);default->Comparator.comparing(t->t.title,String.CASE_INSENSITIVE_ORDER);};
                                                                                                                                                                                                                                                                                                                                                                                                                                                                                             ^
  symbol:   variable title
  location: variable t of type Object
C:\Users\Игорь\Desktop\player music\music-player-repair-work\extract\zalypamod-main\src\main\java\dev\musicplayer\ui\MusicScreen.java:73: error: incompatible types: bad type in switch expression
        Comparator<Track> c=switch(sort){case "Artist"->Comparator.comparing(Track::displayArtist,String.CASE_INSENSITIVE_ORDER).thenComparing(t->t.title,String.CASE_INSENSITIVE_ORDER);case "Album"->Comparator.comparing(Track::displayAlbum,String.CASE_INSENSITIVE_ORDER).thenComparingInt(t->t.trackNumber);case "Duration"->Comparator.comparingLong(t->t.durationMs);case "Genre"->Comparator.comparing(t->t.genre==null?"":t.genre,String.CASE_INSENSITIVE_ORDER).thenComparing(t->t.title,String.CASE_INSENSITIVE_ORDER);default->Comparator.comparing(t->t.title,String.CASE_INSENSITIVE_ORDER);};
                                                                                                                                                                                                                                                                                                                                                                                                                                                                                        ^
    no instance(s) of type variable(s) U exist so that Comparator<Object> conforms to Comparator<Track>
  where U,T are type-variables:
    U extends Object declared in method <U>thenComparing(Function<? super T,? extends U>,Comparator<? super U>)
    T extends Object declared in interface Comparator
C:\Users\Игорь\Desktop\player music\music-player-repair-work\extract\zalypamod-main\src\main\java\dev\musicplayer\ui\MusicScreen.java:79: error: method renderBackground in class Screen cannot be applied to given types;
        renderBackground(g);g.drawString(font,"Music Center",24,18,0xFFFFFFFF,true);
        ^
  required: GuiGraphics,int,int,float
  found:    GuiGraphics
  reason: actual and formal argument lists differ in length
C:\Users\Игорь\Desktop\player music\music-player-repair-work\extract\zalypamod-main\src\main\java\dev\musicplayer\ui\MusicScreen.java:105: error: cannot find symbol
            Path art="Artists".equals(tab)?mod.LIBRARY.artistArtwork(name):mod.LIBRARY.albumArtwork(name);
            ^
  symbol:   class Path
  location: class MusicScreen
C:\Users\Игорь\Desktop\player music\music-player-repair-work\extract\zalypamod-main\src\main\java\dev\musicplayer\ui\MusicScreen.java:119: error: cannot find symbol
        Path art="Artists".equals(tab)?mod.LIBRARY.artistArtwork(groupSelection):mod.LIBRARY.albumArtwork(groupSelection);
        ^
  symbol:   class Path
  location: class MusicScreen
C:\Users\Игорь\Desktop\player music\music-player-repair-work\extract\zalypamod-main\src\main\java\dev\musicplayer\ui\MusicScreen.java:137: error: cannot find symbol
    private int modsForMouse(){int m=0;long w=Minecraft.getInstance().getWindow().getWindow();if(GLFW.glfwGetKey(w,GLFW.GLFW_KEY_LEFT_CONTROL)==GLFW.GLFW_PRESS||GLFW.glfwGetKey(w,GLFW.GLFW_KEY_RIGHT_CONTROL)==GLFW.GLFW_PRESS)m|=GLFW.GLFW_MOD_CONTROL;return m;}
                                                                                 ^
  symbol:   method getWindow()
  location: class Window
C:\Users\Игорь\Desktop\player music\music-player-repair-work\extract\zalypamod-main\src\main\java\dev\musicplayer\ui\MusicScreen.java:168: error: method mouseClicked in interface ContainerEventHandler cannot be applied to given types;
        return super.mouseClicked(mx,my,button);
                    ^
  required: MouseButtonEvent,boolean
  found:    double,double,int
  reason: actual and formal argument lists differ in length
C:\Users\Игорь\Desktop\player music\music-player-repair-work\extract\zalypamod-main\src\main\java\dev\musicplayer\ui\MusicScreen.java:187: error: method mouseReleased in interface ContainerEventHandler cannot be applied to given types;
        dragged=null;draggedIndex=-1;return super.mouseReleased(mx,my,button);
                                                 ^
  required: MouseButtonEvent
  found:    double,double,int
  reason: actual and formal argument lists differ in length
C:\Users\Игорь\Desktop\player music\music-player-repair-work\extract\zalypamod-main\src\main\java\dev\musicplayer\ui\MusicScreen.java:190: error: method charTyped in interface ContainerEventHandler cannot be applied to given types;
    public boolean charTyped(char c,int modifiers){return super.charTyped(c,modifiers);}
                                                               ^
  required: CharacterEvent
  found:    char,int
  reason: actual and formal argument lists differ in length
C:\Users\Игорь\Desktop\player music\music-player-repair-work\extract\zalypamod-main\src\main\java\dev\musicplayer\ui\MusicScreen.java:191: error: method keyPressed in class Screen cannot be applied to given types;
    public boolean keyPressed(int key,int scancode,int mods){if(key==GLFW.GLFW_KEY_ESCAPE){if(renameBox!=null){renameBox=null;clearWidgets();init();return true;}if(groupSelection!=null&&(tab.equals("Artists")||tab.equals("Albums"))){groupSelection=null;scroll=0;return true;}if(selectedPlaylist!=null){selectedPlaylist=null;clearWidgets();init();return true;}onClose();return true;}if((tab.equals("Artists")||tab.equals("Albums"))&&groupSelection!=null&&key==GLFW.GLFW_KEY_ENTER){List<Track> ts=tab.equals("Artists")?mod.LIBRARY.artistTracks(groupSelection):mod.LIBRARY.albumTracks(groupSelection);if(!ts.isEmpty()){if((mods&GLFW.GLFW_MOD_SHIFT)!=0){Collections.shuffle(ts);mod.play(ts.get(0));for(int i=1;i<ts.size();i++)mod.QUEUE.add(ts.get(i));}else{for(Track t:ts)mod.QUEUE.add(t);mod.play(ts.get(0));}}return true;}if(key==GLFW.GLFW_KEY_F5){mod.reloadLibrary();return true;}if(key==GLFW.GLFW_KEY_ENTER&&renameBox!=null){finishRename();return true;}return super.keyPressed(key,scancode,mods);}
                                                                                                                                                                                                                                                                                                                                                                                                                                                                                                                                                                                                                                                                                                                                                                                                                                                                                                                                                                                                     ^
  required: KeyEvent
  found:    int,int,int
  reason: actual and formal argument lists differ in length
C:\Users\Игорь\Desktop\player music\music-player-repair-work\extract\zalypamod-main\src\main\java\dev\musicplayer\ui\SettingsCenterScreen.java:26: error: incompatible types: Consumer<Button> cannot be converted to OnPress
 private void row(String label,String value,java.util.function.Consumer<Button> action){int y=66+scroll*0;addRenderableWidget(Button.builder(Component.literal(label+": "+value),action).bounds(28,y,Math.min(360,width-56),22).build());scroll++;}
                                                                                                                                                                                 ^
C:\Users\Игорь\Desktop\player music\music-player-repair-work\extract\zalypamod-main\src\main\java\dev\musicplayer\ui\SettingsCenterScreen.java:29: error: non-static method open(File) cannot be referenced from a static context
 private void library(){row("Tracks",String.valueOf(mod.LIBRARY.all().size()),b->{});row("Reload library","Scan music folder",b->{mod.reloadLibrary();init();});row("Open music folder",".minecraft/music",b->{try{Desktop.open(mod.gameDir.resolve("music").toFile());}catch(Exception ignored){}});}
                                                                                                                                                                                                                          ^
C:\Users\Игорь\Desktop\player music\music-player-repair-work\extract\zalypamod-main\src\main\java\dev\musicplayer\ui\SettingsCenterScreen.java:36: error: method does not override or implement a method from a supertype
 @Override public boolean keyPressed(int key,int scancode,int mods){if(listening!=null){if(key==GLFW.GLFW_KEY_ESCAPE){listening=null;init();return true;}net.minecraft.client.KeyMapping[] maps={KeyBindings.playPause,KeyBindings.previous,KeyBindings.next,KeyBindings.volumeUp,KeyBindings.volumeDown,KeyBindings.toggle,KeyBindings.library,KeyBindings.settings};String[] names={"Play / Pause","Previous","Next","Volume +","Volume -","Show / Hide","Music Center","Settings"};for(int i=0;i<names.length;i++)if(names[i].equals(listening)){KeyBindings.set(maps[i],key);KeyBindings.syncConfig();break;}listening=null;init();return true;}return super.keyPressed(key,scancode,mods);}
 ^
C:\Users\Игорь\Desktop\player music\music-player-repair-work\extract\zalypamod-main\src\main\java\dev\musicplayer\ui\SettingsCenterScreen.java:36: error: method keyPressed in class Screen cannot be applied to given types;
 @Override public boolean keyPressed(int key,int scancode,int mods){if(listening!=null){if(key==GLFW.GLFW_KEY_ESCAPE){listening=null;init();return true;}net.minecraft.client.KeyMapping[] maps={KeyBindings.playPause,KeyBindings.previous,KeyBindings.next,KeyBindings.volumeUp,KeyBindings.volumeDown,KeyBindings.toggle,KeyBindings.library,KeyBindings.settings};String[] names={"Play / Pause","Previous","Next","Volume +","Volume -","Show / Hide","Music Center","Settings"};for(int i=0;i<names.length;i++)if(names[i].equals(listening)){KeyBindings.set(maps[i],key);KeyBindings.syncConfig();break;}listening=null;init();return true;}return super.keyPressed(key,scancode,mods);}
                                                                                                                                                                                                                                                                                                                                                                                                                                                                                                                                                                                                                                                                ^
  required: KeyEvent
  found:    int,int,int
  reason: actual and formal argument lists differ in length
C:\Users\Игорь\Desktop\player music\music-player-repair-work\extract\zalypamod-main\src\main\java\dev\musicplayer\ui\SettingsCenterScreen.java:39: error: method renderBackground in class Screen cannot be applied to given types;
 @Override public void render(GuiGraphics g,int mx,int my,float delta){renderBackground(g);g.drawString(font,"Music Player • Settings Center",18,10,0xFFFFFF);g.drawString(font,tab,18,52,0xA8ABB4);super.render(g,mx,my,delta);}
                                                                       ^
  required: GuiGraphics,int,int,float
  found:    GuiGraphics
  reason: actual and formal argument lists differ in length
C:\Users\Игорь\Desktop\player music\music-player-repair-work\extract\zalypamod-main\src\main\java\dev\musicplayer\ui\TextureCache.java:19: error: cannot find symbol
        ResourceLocation old=MAP.get(k);
        ^
  symbol:   class ResourceLocation
  location: class TextureCache
C:\Users\Игорь\Desktop\player music\music-player-repair-work\extract\zalypamod-main\src\main\java\dev\musicplayer\ui\TextureCache.java:23: error: cannot find symbol
            DynamicTexture t=new DynamicTexture(p.getFileName().toString(),net.minecraft.client.renderer.texture.NativeImage.read(in));
                                                                                                                ^
  symbol:   class NativeImage
  location: package net.minecraft.client.renderer.texture
C:\Users\Игорь\Desktop\player music\music-player-repair-work\extract\zalypamod-main\src\main\java\dev\musicplayer\ui\TextureCache.java:24: error: cannot find symbol
            ResourceLocation id=ResourceLocation.fromNamespaceAndPath("musicplayer","file/"+Integer.toHexString((k+stamp).hashCode()));
            ^
  symbol:   class ResourceLocation
  location: class TextureCache
C:\Users\Игорь\Desktop\player music\music-player-repair-work\extract\zalypamod-main\src\main\java\dev\musicplayer\ui\TextureCache.java:24: error: cannot find symbol
            ResourceLocation id=ResourceLocation.fromNamespaceAndPath("musicplayer","file/"+Integer.toHexString((k+stamp).hashCode()));
                                ^
  symbol:   variable ResourceLocation
  location: class TextureCache
C:\Users\Игорь\Desktop\player music\music-player-repair-work\extract\zalypamod-main\src\main\java\dev\musicplayer\ui\TextureCache.java:29: error: cannot find symbol
    private static void evict(){while(MAP.size()>MAX_ENTRIES){Iterator<Map.Entry<String,ResourceLocation>> it=MAP.entrySet().iterator();if(!it.hasNext())return;var e=it.next();it.remove();STAMPS.remove(e.getKey());try{Minecraft.getInstance().getTextureManager().release(e.getValue());}catch(Exception ignored){}}}
                                                                                        ^
  symbol:   class ResourceLocation
  location: class TextureCache
C:\Users\Игорь\Desktop\player music\music-player-repair-work\extract\zalypamod-main\src\main\java\dev\musicplayer\ui\TextureCache.java:31: error: cannot find symbol
    public static synchronized void clear(){for(ResourceLocation id:MAP.values())try{Minecraft.getInstance().getTextureManager().release(id);}catch(Exception ignored){}MAP.clear();STAMPS.clear();}
                                                ^
  symbol:   class ResourceLocation
  location: class TextureCache
C:\Users\Игорь\Desktop\player music\music-player-repair-work\extract\zalypamod-main\src\main\java\dev\musicplayer\ui\ThemeStudioScreen.java:53: error: cannot find symbol
        addDrawableChild(hex1); addDrawableChild(hex2); addDrawableChild(nameBox); addDrawableChild(groupBox);
        ^
  symbol:   method addDrawableChild(EditBox)
  location: class ThemeStudioScreen
C:\Users\Игорь\Desktop\player music\music-player-repair-work\extract\zalypamod-main\src\main\java\dev\musicplayer\ui\ThemeStudioScreen.java:53: error: cannot find symbol
        addDrawableChild(hex1); addDrawableChild(hex2); addDrawableChild(nameBox); addDrawableChild(groupBox);
                                ^
  symbol:   method addDrawableChild(EditBox)
  location: class ThemeStudioScreen
C:\Users\Игорь\Desktop\player music\music-player-repair-work\extract\zalypamod-main\src\main\java\dev\musicplayer\ui\ThemeStudioScreen.java:53: error: cannot find symbol
        addDrawableChild(hex1); addDrawableChild(hex2); addDrawableChild(nameBox); addDrawableChild(groupBox);
                                                        ^
  symbol:   method addDrawableChild(EditBox)
  location: class ThemeStudioScreen
C:\Users\Игорь\Desktop\player music\music-player-repair-work\extract\zalypamod-main\src\main\java\dev\musicplayer\ui\ThemeStudioScreen.java:53: error: cannot find symbol
        addDrawableChild(hex1); addDrawableChild(hex2); addDrawableChild(nameBox); addDrawableChild(groupBox);
                                                                                   ^
  symbol:   method addDrawableChild(EditBox)
  location: class ThemeStudioScreen
C:\Users\Игорь\Desktop\player music\music-player-repair-work\extract\zalypamod-main\src\main\java\dev\musicplayer\ui\ThemeStudioScreen.java:79: error: method renderBackground in class Screen cannot be applied to given types;
        renderBackground(g); placeFields();
        ^
  required: GuiGraphics,int,int,float
  found:    GuiGraphics
  reason: actual and formal argument lists differ in length
C:\Users\Игорь\Desktop\player music\music-player-repair-work\extract\zalypamod-main\src\main\java\dev\musicplayer\ui\ThemeStudioScreen.java:201: error: method does not override or implement a method from a supertype
    @Override public boolean mouseClicked(double x,double y,int b){
    ^
C:\Users\Игорь\Desktop\player music\music-player-repair-work\extract\zalypamod-main\src\main\java\dev\musicplayer\ui\ThemeStudioScreen.java:209: error: cannot find symbol
                if(Screen.hasControlDown()) { if(!selectedLayers.add(i)) selectedLayers.remove(i); selected=i; syncFields(); return true; }
                         ^
  symbol:   method hasControlDown()
  location: class Screen
C:\Users\Игорь\Desktop\player music\music-player-repair-work\extract\zalypamod-main\src\main\java\dev\musicplayer\ui\ThemeStudioScreen.java:211: error: cannot find symbol
                if(l.group!=null&&!l.group.isBlank()&&local>=50&&local<72){ if(collapsedGroups.contains(l.group)) collapsedGroups.remove(l.group); else collapsedGroups.add(l.group); syncFields(); return true; }
                   ^
  symbol:   variable l
  location: class ThemeStudioScreen
C:\Users\Игорь\Desktop\player music\music-player-repair-work\extract\zalypamod-main\src\main\java\dev\musicplayer\ui\ThemeStudioScreen.java:211: error: package l does not exist
                if(l.group!=null&&!l.group.isBlank()&&local>=50&&local<72){ if(collapsedGroups.contains(l.group)) collapsedGroups.remove(l.group); else collapsedGroups.add(l.group); syncFields(); return true; }
                                    ^
C:\Users\Игорь\Desktop\player music\music-player-repair-work\extract\zalypamod-main\src\main\java\dev\musicplayer\ui\ThemeStudioScreen.java:211: error: cannot find symbol
                if(l.group!=null&&!l.group.isBlank()&&local>=50&&local<72){ if(collapsedGroups.contains(l.group)) collapsedGroups.remove(l.group); else collapsedGroups.add(l.group); syncFields(); return true; }
                                                                                                        ^
  symbol:   variable l
  location: class ThemeStudioScreen
C:\Users\Игорь\Desktop\player music\music-player-repair-work\extract\zalypamod-main\src\main\java\dev\musicplayer\ui\ThemeStudioScreen.java:211: error: cannot find symbol
                if(l.group!=null&&!l.group.isBlank()&&local>=50&&local<72){ if(collapsedGroups.contains(l.group)) collapsedGroups.remove(l.group); else collapsedGroups.add(l.group); syncFields(); return true; }
                                                                                                                                         ^
  symbol:   variable l
  location: class ThemeStudioScreen
C:\Users\Игорь\Desktop\player music\music-player-repair-work\extract\zalypamod-main\src\main\java\dev\musicplayer\ui\ThemeStudioScreen.java:211: error: cannot find symbol
                if(l.group!=null&&!l.group.isBlank()&&local>=50&&local<72){ if(collapsedGroups.contains(l.group)) collapsedGroups.remove(l.group); else collapsedGroups.add(l.group); syncFields(); return true; }
                                                                                                                                                                            ^
  symbol:   variable l
  location: class ThemeStudioScreen
C:\Users\Игорь\Desktop\player music\music-player-repair-work\extract\zalypamod-main\src\main\java\dev\musicplayer\ui\ThemeStudioScreen.java:244: error: cannot find symbol
            if(x<canvasW()&&y>=56&&y<height-56&&!l.locked){draggingLayer=true;resizingLayer=Screen.hasShiftDown();dragX=x;dragY=y;dragSnapshotTaken=false;return true;}
                                                                                                  ^
  symbol:   method hasShiftDown()
  location: class Screen
C:\Users\Игорь\Desktop\player music\music-player-repair-work\extract\zalypamod-main\src\main\java\dev\musicplayer\ui\ThemeStudioScreen.java:246: error: method mouseClicked in interface ContainerEventHandler cannot be applied to given types;
        return super.mouseClicked(x,y,b);
                    ^
  required: MouseButtonEvent,boolean
  found:    double,double,int
  reason: actual and formal argument lists differ in length
C:\Users\Игорь\Desktop\player music\music-player-repair-work\extract\zalypamod-main\src\main\java\dev\musicplayer\ui\ThemeStudioScreen.java:262: error: cannot find symbol
    private void adjust(Theme.Layer l,int id,int dir){double d=dir*(Screen.hasShiftDown()?10:2);switch(id){case 0->l.x+=d;case 1->l.y+=d;case 2->l.width=Math.max(4,l.width+d);case 3->l.height=Math.max(4,l.height+d);case 4->l.rotation+=d;case 5->l.opacity=Math.max(0,Math.min(1,l.opacity+d*.05));case 6->l.radius=Math.max(0,(int)(l.radius+d));}}
                                                                          ^
  symbol:   method hasShiftDown()
  location: class Screen
C:\Users\Игорь\Desktop\player music\music-player-repair-work\extract\zalypamod-main\src\main\java\dev\musicplayer\ui\ThemeStudioScreen.java:267: error: method does not override or implement a method from a supertype
    @Override public boolean mouseDragged(double x,double y,int b,double dx,double dy){
    ^
C:\Users\Игорь\Desktop\player music\music-player-repair-work\extract\zalypamod-main\src\main\java\dev\musicplayer\ui\ThemeStudioScreen.java:275: error: method mouseDragged in interface ContainerEventHandler cannot be applied to given types;
        return super.mouseDragged(x,y,b,dx,dy);
                    ^
  required: MouseButtonEvent,double,double
  found:    double,double,int,double,double
  reason: actual and formal argument lists differ in length
C:\Users\Игорь\Desktop\player music\music-player-repair-work\extract\zalypamod-main\src\main\java\dev\musicplayer\ui\ThemeStudioScreen.java:277: error: method does not override or implement a method from a supertype
    @Override public boolean mouseReleased(double x,double y,int b){if(draggingLayer||draggingTree){mod.saveTheme(theme);}draggingLayer=false;resizingLayer=false;draggingTree=false;dragTreeFrom=-1;dragSnapshotTaken=false;return super.mouseReleased(x,y,b);}
    ^
C:\Users\Игорь\Desktop\player music\music-player-repair-work\extract\zalypamod-main\src\main\java\dev\musicplayer\ui\ThemeStudioScreen.java:277: error: method mouseReleased in interface ContainerEventHandler cannot be applied to given types;
    @Override public boolean mouseReleased(double x,double y,int b){if(draggingLayer||draggingTree){mod.saveTheme(theme);}draggingLayer=false;resizingLayer=false;draggingTree=false;dragTreeFrom=-1;dragSnapshotTaken=false;return super.mouseReleased(x,y,b);}
                                                                                                                                                                                                                                         ^
  required: MouseButtonEvent
  found:    double,double,int
  reason: actual and formal argument lists differ in length
C:\Users\Игорь\Desktop\player music\music-player-repair-work\extract\zalypamod-main\src\main\java\dev\musicplayer\ui\ThemeStudioScreen.java:284: error: method does not override or implement a method from a supertype
    @Override public boolean keyPressed(int key,int scan,int mods){
    ^
C:\Users\Игорь\Desktop\player music\music-player-repair-work\extract\zalypamod-main\src\main\java\dev\musicplayer\ui\ThemeStudioScreen.java:285: error: cannot find symbol
        if(Screen.hasControlDown()&&key==GLFW.GLFW_KEY_Z){undo();return true;}
                 ^
  symbol:   method hasControlDown()
  location: class Screen
C:\Users\Игорь\Desktop\player music\music-player-repair-work\extract\zalypamod-main\src\main\java\dev\musicplayer\ui\ThemeStudioScreen.java:286: error: cannot find symbol
        if(Screen.hasControlDown()&&key==GLFW.GLFW_KEY_Y){redo();return true;}
                 ^
  symbol:   method hasControlDown()
  location: class Screen
C:\Users\Игорь\Desktop\player music\music-player-repair-work\extract\zalypamod-main\src\main\java\dev\musicplayer\ui\ThemeStudioScreen.java:296: error: cannot find symbol
            if(key==GLFW.GLFW_KEY_G&&Screen.hasControlDown()){mutate(()->l.group=(l.group==null||l.group.isBlank())?"Group 1":"");return true;}
                                           ^
  symbol:   method hasControlDown()
  location: class Screen
C:\Users\Игорь\Desktop\player music\music-player-repair-work\extract\zalypamod-main\src\main\java\dev\musicplayer\ui\ThemeStudioScreen.java:297: error: cannot find symbol
            if(key==GLFW.GLFW_KEY_L&&Screen.hasControlDown()){mutate(()->l.locked=!l.locked);return true;}
                                           ^
  symbol:   method hasControlDown()
  location: class Screen
C:\Users\Игорь\Desktop\player music\music-player-repair-work\extract\zalypamod-main\src\main\java\dev\musicplayer\ui\ThemeStudioScreen.java:298: error: cannot find symbol
            if(key==GLFW.GLFW_KEY_H&&Screen.hasControlDown()){mutate(()->l.visible=!l.visible);return true;}
                                           ^
  symbol:   method hasControlDown()
  location: class Screen
C:\Users\Игорь\Desktop\player music\music-player-repair-work\extract\zalypamod-main\src\main\java\dev\musicplayer\ui\ThemeStudioScreen.java:299: error: cannot find symbol
            if(key==GLFW.GLFW_KEY_UP||key==GLFW.GLFW_KEY_DOWN){double step=Screen.hasShiftDown()?10:2;mutate(()->{if(key==GLFW.GLFW_KEY_UP)l.y-=step;else l.y+=step;});return true;}
                                                                                 ^
  symbol:   method hasShiftDown()
  location: class Screen
C:\Users\Игорь\Desktop\player music\music-player-repair-work\extract\zalypamod-main\src\main\java\dev\musicplayer\ui\ThemeStudioScreen.java:300: error: cannot find symbol
            if(key==GLFW.GLFW_KEY_LEFT||key==GLFW.GLFW_KEY_RIGHT){double step=Screen.hasShiftDown()?10:2;mutate(()->{if(key==GLFW.GLFW_KEY_LEFT)l.x-=step;else l.x+=step;});return true;}
                                                                                    ^
  symbol:   method hasShiftDown()
  location: class Screen
C:\Users\Игорь\Desktop\player music\music-player-repair-work\extract\zalypamod-main\src\main\java\dev\musicplayer\ui\ThemeStudioScreen.java:308: error: cannot find symbol
            if(Screen.hasControlDown()&&key==GLFW.GLFW_KEY_J){mutate(()->l.addKeyframe(0));return true;}
                     ^
  symbol:   method hasControlDown()
  location: class Screen
C:\Users\Игорь\Desktop\player music\music-player-repair-work\extract\zalypamod-main\src\main\java\dev\musicplayer\ui\ThemeStudioScreen.java:309: error: cannot find symbol
            if(Screen.hasControlDown()&&key==GLFW.GLFW_KEY_K){mutate(()->l.addKeyframe(1));return true;}
                     ^
  symbol:   method hasControlDown()
  location: class Screen
C:\Users\Игорь\Desktop\player music\music-player-repair-work\extract\zalypamod-main\src\main\java\dev\musicplayer\ui\ThemeStudioScreen.java:312: error: cannot find symbol
            if(Screen.hasControlDown()&&key==GLFW.GLFW_KEY_B){mutate(()->{theme.background.gradient="none".equalsIgnoreCase(theme.background.gradient)?"vertical":"none";theme.background.type="gradient".equalsIgnoreCase(theme.background.type)?"color":"gradient";});return true;}
                     ^
  symbol:   method hasControlDown()
  location: class Screen
C:\Users\Игорь\Desktop\player music\music-player-repair-work\extract\zalypamod-main\src\main\java\dev\musicplayer\ui\ThemeStudioScreen.java:313: error: cannot find symbol
            if(key==GLFW.GLFW_KEY_V&&!Screen.hasControlDown()){mutate(()->theme.visualizer.enabled=!theme.visualizer.enabled);return true;}
                                            ^
  symbol:   method hasControlDown()
  location: class Screen
C:\Users\Игорь\Desktop\player music\music-player-repair-work\extract\zalypamod-main\src\main\java\dev\musicplayer\ui\ThemeStudioScreen.java:314: error: cannot find symbol
            if(Screen.hasControlDown()&&key==GLFW.GLFW_KEY_V){mutate(()->theme.background.dynamicCover=!theme.background.dynamicCover);return true;}
                     ^
  symbol:   method hasControlDown()
  location: class Screen
C:\Users\Игорь\Desktop\player music\music-player-repair-work\extract\zalypamod-main\src\main\java\dev\musicplayer\ui\ThemeStudioScreen.java:316: error: cannot find symbol
            if(key==GLFW.GLFW_KEY_I){mutate(()->theme.visualizer.sensitivity=Math.max(.1,Math.min(4,theme.visualizer.sensitivity+(Screen.hasShiftDown()?-0.1:.1))));return true;}
                                                                                                                                        ^
  symbol:   method hasShiftDown()
  location: class Screen
C:\Users\Игорь\Desktop\player music\music-player-repair-work\extract\zalypamod-main\src\main\java\dev\musicplayer\ui\ThemeStudioScreen.java:317: error: cannot find symbol
            if(key==GLFW.GLFW_KEY_M){mutate(()->theme.visualizer.smoothing=Math.max(0,Math.min(1,theme.visualizer.smoothing+(Screen.hasShiftDown()?-0.05:.05))));return true;}
                                                                                                                                   ^
  symbol:   method hasShiftDown()
  location: class Screen
C:\Users\Игорь\Desktop\player music\music-player-repair-work\extract\zalypamod-main\src\main\java\dev\musicplayer\ui\ThemeStudioScreen.java:318: error: cannot find symbol
            if(key==GLFW.GLFW_KEY_O){mutate(()->theme.visualizer.opacity=Math.max(0,Math.min(1,theme.visualizer.opacity+(Screen.hasShiftDown()?-0.05:.05))));return true;}
                                                                                                                               ^
  symbol:   method hasShiftDown()
  location: class Screen
C:\Users\Игорь\Desktop\player music\music-player-repair-work\extract\zalypamod-main\src\main\java\dev\musicplayer\ui\ThemeStudioScreen.java:319: error: cannot find symbol
            if(key==GLFW.GLFW_KEY_COMMA){mutate(()->theme.visualizer.barCount=Math.max(4,theme.visualizer.barCount-(Screen.hasShiftDown()?4:1)));return true;}
                                                                                                                          ^
  symbol:   method hasShiftDown()
  location: class Screen
C:\Users\Игорь\Desktop\player music\music-player-repair-work\extract\zalypamod-main\src\main\java\dev\musicplayer\ui\ThemeStudioScreen.java:320: error: cannot find symbol
            if(key==GLFW.GLFW_KEY_PERIOD){mutate(()->theme.visualizer.barCount=Math.min(128,theme.visualizer.barCount+(Screen.hasShiftDown()?4:1)));return true;}
                                                                                                                             ^
  symbol:   method hasShiftDown()
  location: class Screen
C:\Users\Игорь\Desktop\player music\music-player-repair-work\extract\zalypamod-main\src\main\java\dev\musicplayer\ui\ThemeStudioScreen.java:321: error: cannot find symbol
            if(key==GLFW.GLFW_KEY_P&&!Screen.hasControlDown()){mutate(()->theme.visualizer.particleDensity=Math.max(0,Math.min(2,theme.visualizer.particleDensity+(Screen.hasShiftDown()?-0.05:.05))));return true;}
                                            ^
  symbol:   method hasControlDown()
  location: class Screen
C:\Users\Игорь\Desktop\player music\music-player-repair-work\extract\zalypamod-main\src\main\java\dev\musicplayer\ui\ThemeStudioScreen.java:321: error: cannot find symbol
            if(key==GLFW.GLFW_KEY_P&&!Screen.hasControlDown()){mutate(()->theme.visualizer.particleDensity=Math.max(0,Math.min(2,theme.visualizer.particleDensity+(Screen.hasShiftDown()?-0.05:.05))));return true;}
                                                                                                                                                                         ^
  symbol:   method hasShiftDown()
  location: class Screen
C:\Users\Игорь\Desktop\player music\music-player-repair-work\extract\zalypamod-main\src\main\java\dev\musicplayer\ui\ThemeStudioScreen.java:322: error: cannot find symbol
            if(key==GLFW.GLFW_KEY_W){mutate(()->theme.visualizer.waveThickness=Math.max(.5,Math.min(12,theme.visualizer.waveThickness+(Screen.hasShiftDown()?-0.5:.5))));return true;}
                                                                                                                                             ^
  symbol:   method hasShiftDown()
  location: class Screen
C:\Users\Игорь\Desktop\player music\music-player-repair-work\extract\zalypamod-main\src\main\java\dev\musicplayer\ui\ThemeStudioScreen.java:325: error: cannot find symbol
            if(key==GLFW.GLFW_KEY_T){mutate(()->theme.cover.scale=Math.max(.5,Math.min(1.5,theme.cover.scale+(Screen.hasShiftDown()?-0.05:.05))));return true;}
                                                                                                                    ^
  symbol:   method hasShiftDown()
  location: class Screen
C:\Users\Игорь\Desktop\player music\music-player-repair-work\extract\zalypamod-main\src\main\java\dev\musicplayer\ui\ThemeStudioScreen.java:326: error: cannot find symbol
            if(key==GLFW.GLFW_KEY_Z){mutate(()->theme.cover.rotationSpeed=Math.max(0,Math.min(180,theme.cover.rotationSpeed+(Screen.hasShiftDown()?-5:5))));return true;}
                                                                                                                                   ^
  symbol:   method hasShiftDown()
  location: class Screen
C:\Users\Игорь\Desktop\player music\music-player-repair-work\extract\zalypamod-main\src\main\java\dev\musicplayer\ui\ThemeStudioScreen.java:328: error: cannot find symbol
            if(key==GLFW.GLFW_KEY_RIGHT_BRACKET){mutate(()->theme.background.gradientAngle=Math.min(360,theme.background.gradientAngle+5));return true;}if(Screen.hasShiftDown()&&key==GLFW.GLFW_KEY_H){mutate(()->l.animationSpeed=Math.max(0,Math.min(6,l.animationSpeed+(Screen.hasControlDown()?-0.1:.1))));return true;}if(Screen.hasShiftDown()&&key==GLFW.GLFW_KEY_N){mutate(()->l.animationAmplitude=Math.max(0,Math.min(4,l.animationAmplitude+(Screen.hasControlDown()?-0.1:.1))));return true;}if(Screen.hasControlDown()&&key==GLFW.GLFW_KEY_P){mutate(()->l.animationPhase+=Screen.hasShiftDown()?-0.1:.1);return true;}if(Screen.hasControlDown()&&key==GLFW.GLFW_KEY_R){mutate(()->l.animateOpacity=!l.animateOpacity);return true;}
                                                                                                                                                                 ^
  symbol:   method hasShiftDown()
  location: class Screen
C:\Users\Игорь\Desktop\player music\music-player-repair-work\extract\zalypamod-main\src\main\java\dev\musicplayer\ui\ThemeStudioScreen.java:328: error: cannot find symbol
            if(key==GLFW.GLFW_KEY_RIGHT_BRACKET){mutate(()->theme.background.gradientAngle=Math.min(360,theme.background.gradientAngle+5));return true;}if(Screen.hasShiftDown()&&key==GLFW.GLFW_KEY_H){mutate(()->l.animationSpeed=Math.max(0,Math.min(6,l.animationSpeed+(Screen.hasControlDown()?-0.1:.1))));return true;}if(Screen.hasShiftDown()&&key==GLFW.GLFW_KEY_N){mutate(()->l.animationAmplitude=Math.max(0,Math.min(4,l.animationAmplitude+(Screen.hasControlDown()?-0.1:.1))));return true;}if(Screen.hasControlDown()&&key==GLFW.GLFW_KEY_P){mutate(()->l.animationPhase+=Screen.hasShiftDown()?-0.1:.1);return true;}if(Screen.hasControlDown()&&key==GLFW.GLFW_KEY_R){mutate(()->l.animateOpacity=!l.animateOpacity);return true;}
                                                                                                                                                                                                                                                                                  ^
  symbol:   method hasControlDown()
  location: class Screen
C:\Users\Игорь\Desktop\player music\music-player-repair-work\extract\zalypamod-main\src\main\java\dev\musicplayer\ui\ThemeStudioScreen.java:328: error: cannot find symbol
            if(key==GLFW.GLFW_KEY_RIGHT_BRACKET){mutate(()->theme.background.gradientAngle=Math.min(360,theme.background.gradientAngle+5));return true;}if(Screen.hasShiftDown()&&key==GLFW.GLFW_KEY_H){mutate(()->l.animationSpeed=Math.max(0,Math.min(6,l.animationSpeed+(Screen.hasControlDown()?-0.1:.1))));return true;}if(Screen.hasShiftDown()&&key==GLFW.GLFW_KEY_N){mutate(()->l.animationAmplitude=Math.max(0,Math.min(4,l.animationAmplitude+(Screen.hasControlDown()?-0.1:.1))));return true;}if(Screen.hasControlDown()&&key==GLFW.GLFW_KEY_P){mutate(()->l.animationPhase+=Screen.hasShiftDown()?-0.1:.1);return true;}if(Screen.hasControlDown()&&key==GLFW.GLFW_KEY_R){mutate(()->l.animateOpacity=!l.animateOpacity);return true;}
                                                                                                                                                                                                                                                                                                                                      ^
  symbol:   method hasShiftDown()
  location: class Screen
C:\Users\Игорь\Desktop\player music\music-player-repair-work\extract\zalypamod-main\src\main\java\dev\musicplayer\ui\ThemeStudioScreen.java:328: error: cannot find symbol
            if(key==GLFW.GLFW_KEY_RIGHT_BRACKET){mutate(()->theme.background.gradientAngle=Math.min(360,theme.background.gradientAngle+5));return true;}if(Screen.hasShiftDown()&&key==GLFW.GLFW_KEY_H){mutate(()->l.animationSpeed=Math.max(0,Math.min(6,l.animationSpeed+(Screen.hasControlDown()?-0.1:.1))));return true;}if(Screen.hasShiftDown()&&key==GLFW.GLFW_KEY_N){mutate(()->l.animationAmplitude=Math.max(0,Math.min(4,l.animationAmplitude+(Screen.hasControlDown()?-0.1:.1))));return true;}if(Screen.hasControlDown()&&key==GLFW.GLFW_KEY_P){mutate(()->l.animationPhase+=Screen.hasShiftDown()?-0.1:.1);return true;}if(Screen.hasControlDown()&&key==GLFW.GLFW_KEY_R){mutate(()->l.animateOpacity=!l.animateOpacity);return true;}
                                                                                                                                                                                                                                                                                                                                                                                                                                                               ^
  symbol:   method hasControlDown()
  location: class Screen
C:\Users\Игорь\Desktop\player music\music-player-repair-work\extract\zalypamod-main\src\main\java\dev\musicplayer\ui\ThemeStudioScreen.java:328: error: cannot find symbol
            if(key==GLFW.GLFW_KEY_RIGHT_BRACKET){mutate(()->theme.background.gradientAngle=Math.min(360,theme.background.gradientAngle+5));return true;}if(Screen.hasShiftDown()&&key==GLFW.GLFW_KEY_H){mutate(()->l.animationSpeed=Math.max(0,Math.min(6,l.animationSpeed+(Screen.hasControlDown()?-0.1:.1))));return true;}if(Screen.hasShiftDown()&&key==GLFW.GLFW_KEY_N){mutate(()->l.animationAmplitude=Math.max(0,Math.min(4,l.animationAmplitude+(Screen.hasControlDown()?-0.1:.1))));return true;}if(Screen.hasControlDown()&&key==GLFW.GLFW_KEY_P){mutate(()->l.animationPhase+=Screen.hasShiftDown()?-0.1:.1);return true;}if(Screen.hasControlDown()&&key==GLFW.GLFW_KEY_R){mutate(()->l.animateOpacity=!l.animateOpacity);return true;}
                                                                                                                                                                                                                                                                                                                                                                                                                                                                                                                   ^
  symbol:   method hasControlDown()
  location: class Screen
C:\Users\Игорь\Desktop\player music\music-player-repair-work\extract\zalypamod-main\src\main\java\dev\musicplayer\ui\ThemeStudioScreen.java:328: error: cannot find symbol
            if(key==GLFW.GLFW_KEY_RIGHT_BRACKET){mutate(()->theme.background.gradientAngle=Math.min(360,theme.background.gradientAngle+5));return true;}if(Screen.hasShiftDown()&&key==GLFW.GLFW_KEY_H){mutate(()->l.animationSpeed=Math.max(0,Math.min(6,l.animationSpeed+(Screen.hasControlDown()?-0.1:.1))));return true;}if(Screen.hasShiftDown()&&key==GLFW.GLFW_KEY_N){mutate(()->l.animationAmplitude=Math.max(0,Math.min(4,l.animationAmplitude+(Screen.hasControlDown()?-0.1:.1))));return true;}if(Screen.hasControlDown()&&key==GLFW.GLFW_KEY_P){mutate(()->l.animationPhase+=Screen.hasShiftDown()?-0.1:.1);return true;}if(Screen.hasControlDown()&&key==GLFW.GLFW_KEY_R){mutate(()->l.animateOpacity=!l.animateOpacity);return true;}
                                                                                                                                                                                                                                                                                                                                                                                                                                                                                                                                                                                               ^
  symbol:   method hasShiftDown()
  location: class Screen
C:\Users\Игорь\Desktop\player music\music-player-repair-work\extract\zalypamod-main\src\main\java\dev\musicplayer\ui\ThemeStudioScreen.java:328: error: cannot find symbol
            if(key==GLFW.GLFW_KEY_RIGHT_BRACKET){mutate(()->theme.background.gradientAngle=Math.min(360,theme.background.gradientAngle+5));return true;}if(Screen.hasShiftDown()&&key==GLFW.GLFW_KEY_H){mutate(()->l.animationSpeed=Math.max(0,Math.min(6,l.animationSpeed+(Screen.hasControlDown()?-0.1:.1))));return true;}if(Screen.hasShiftDown()&&key==GLFW.GLFW_KEY_N){mutate(()->l.animationAmplitude=Math.max(0,Math.min(4,l.animationAmplitude+(Screen.hasControlDown()?-0.1:.1))));return true;}if(Screen.hasControlDown()&&key==GLFW.GLFW_KEY_P){mutate(()->l.animationPhase+=Screen.hasShiftDown()?-0.1:.1);return true;}if(Screen.hasControlDown()&&key==GLFW.GLFW_KEY_R){mutate(()->l.animateOpacity=!l.animateOpacity);return true;}
                                                                                                                                                                                                                                                                                                                                                                                                                                                                                                                                                                                                                                              ^
  symbol:   method hasControlDown()
  location: class Screen
C:\Users\Игорь\Desktop\player music\music-player-repair-work\extract\zalypamod-main\src\main\java\dev\musicplayer\ui\ThemeStudioScreen.java:329: error: cannot find symbol
            if(Screen.hasControlDown()&&key==GLFW.GLFW_KEY_A){selectedLayers.clear();for(int i=0;i<theme.layers.size();i++)selectedLayers.add(i);selected=theme.layers.isEmpty()?-1:0;syncFields();return true;}
                     ^
  symbol:   method hasControlDown()
  location: class Screen
C:\Users\Игорь\Desktop\player music\music-player-repair-work\extract\zalypamod-main\src\main\java\dev\musicplayer\ui\ThemeStudioScreen.java:330: error: cannot find symbol
            if(Screen.hasControlDown()&&key==GLFW.GLFW_KEY_G){mutate(()->{String g=l.group==null||l.group.isBlank()?"Group 1":l.group;for(Integer i:selectedLayers)theme.layers.get(i).group=g;});return true;}
                     ^
  symbol:   method hasControlDown()
  location: class Screen
C:\Users\Игорь\Desktop\player music\music-player-repair-work\extract\zalypamod-main\src\main\java\dev\musicplayer\ui\ThemeStudioScreen.java:331: error: cannot find symbol
            if(Screen.hasControlDown()&&key==GLFW.GLFW_KEY_DELETE){mutate(()->{List<Integer> ids=new ArrayList<>(selectedLayers);ids.sort(Comparator.reverseOrder());for(Integer i:ids)if(i>=0&&i<theme.layers.size()&&theme.layers.size()>1)theme.layers.remove((int)i);selectedLayers.clear();if(!theme.layers.isEmpty()){selected=0;selectedLayers.add(0);}syncFields();});return true;}
                     ^
  symbol:   method hasControlDown()
  location: class Screen
C:\Users\Игорь\Desktop\player music\music-player-repair-work\extract\zalypamod-main\src\main\java\dev\musicplayer\ui\ThemeStudioScreen.java:333: error: method keyPressed in class Screen cannot be applied to given types;
        return super.keyPressed(key,scan,mods);
                    ^
  required: KeyEvent
  found:    int,int,int
  reason: actual and formal argument lists differ in length
Note: Some messages have been simplified; recompile with -Xdiags:verbose to get full output
112 errors

> Task :compileJava FAILED
> Task :processResources
> Task :processIncludeJars
> Task :sourcesJar
> Task :processTestResources NO-SOURCE
> Task :validateAccessWidener NO-SOURCE
> Task :remapSourcesJar

[Incubating] Problems report is available at: file:///C:/Users/%D0%98%D0%B3%D0%BE%D1%80%D1%8C/Desktop/player%20music/music-player-repair-work/extract/zalypamod-main/build/reports/problems/problems-report.html

FAILURE: Build failed with an exception.

* What went wrong:
Execution failed for task ':compileJava'.
> Compilation failed; see the compiler output below.
  C:\Users\Игорь\Desktop\player music\music-player-repair-work\extract\zalypamod-main\src\main\java\dev\musicplayer\ui\MusicScreen.java:79: error: method renderBackground in class Screen cannot be applied to given types;
          renderBackground(g);g.drawString(font,"Music Center",24,18,0xFFFFFFFF,true);
          ^
    required: GuiGraphics,int,int,float
    found:    GuiGraphics
    reason: actual and formal argument lists differ in length
  C:\Users\Игорь\Desktop\player music\music-player-repair-work\extract\zalypamod-main\src\main\java\dev\musicplayer\ui\MusicScreen.java:168: error: method mouseClicked in interface ContainerEventHandler cannot be applied to given types;
          return super.mouseClicked(mx,my,button);
                      ^
    required: MouseButtonEvent,boolean
    found:    double,double,int
    reason: actual and formal argument lists differ in length
  C:\Users\Игорь\Desktop\player music\music-player-repair-work\extract\zalypamod-main\src\main\java\dev\musicplayer\ui\MusicScreen.java:187: error: method mouseReleased in interface ContainerEventHandler cannot be applied to given types;
          dragged=null;draggedIndex=-1;return super.mouseReleased(mx,my,button);
                                                   ^
    required: MouseButtonEvent
    found:    double,double,int
    reason: actual and formal argument lists differ in length
  C:\Users\Игорь\Desktop\player music\music-player-repair-work\extract\zalypamod-main\src\main\java\dev\musicplayer\ui\MusicScreen.java:190: error: method charTyped in interface ContainerEventHandler cannot be applied to given types;
      public boolean charTyped(char c,int modifiers){return super.charTyped(c,modifiers);}
                                                                 ^
    required: CharacterEvent
    found:    char,int
    reason: actual and formal argument lists differ in length
  C:\Users\Игорь\Desktop\player music\music-player-repair-work\extract\zalypamod-main\src\main\java\dev\musicplayer\ui\MusicScreen.java:191: error: method keyPressed in class Screen cannot be applied to given types;
      public boolean keyPressed(int key,int scancode,int mods){if(key==GLFW.GLFW_KEY_ESCAPE){if(renameBox!=null){renameBox=null;clearWidgets();init();return true;}if(groupSelection!=null&&(tab.equals("Artists")||tab.equals("Albums"))){groupSelection=null;scroll=0;return true;}if(selectedPlaylist!=null){selectedPlaylist=null;clearWidgets();init();return true;}onClose();return true;}if((tab.equals("Artists")||tab.equals("Albums"))&&groupSelection!=null&&key==GLFW.GLFW_KEY_ENTER){List<Track> ts=tab.equals("Artists")?mod.LIBRARY.artistTracks(groupSelection):mod.LIBRARY.albumTracks(groupSelection);if(!ts.isEmpty()){if((mods&GLFW.GLFW_MOD_SHIFT)!=0){Collections.shuffle(ts);mod.play(ts.get(0));for(int i=1;i<ts.size();i++)mod.QUEUE.add(ts.get(i));}else{for(Track t:ts)mod.QUEUE.add(t);mod.play(ts.get(0));}}return true;}if(key==GLFW.GLFW_KEY_F5){mod.reloadLibrary();return true;}if(key==GLFW.GLFW_KEY_ENTER&&renameBox!=null){finishRename();return true;}return super.keyPressed(key,scancode,mods);}
                                                                                                                                                                                                                                                                                                                                                                                                                                                                                                                                                                                                                                                                                                                                                                                                                                                                                                                                                                                                       ^
    required: KeyEvent
    found:    int,int,int
    reason: actual and formal argument lists differ in length
  C:\Users\Игорь\Desktop\player music\music-player-repair-work\extract\zalypamod-main\src\main\java\dev\musicplayer\ui\SettingsCenterScreen.java:36: error: method keyPressed in class Screen cannot be applied to given types;
   @Override public boolean keyPressed(int key,int scancode,int mods){if(listening!=null){if(key==GLFW.GLFW_KEY_ESCAPE){listening=null;init();return true;}net.minecraft.client.KeyMapping[] maps={KeyBindings.playPause,KeyBindings.previous,KeyBindings.next,KeyBindings.volumeUp,KeyBindings.volumeDown,KeyBindings.toggle,KeyBindings.library,KeyBindings.settings};String[] names={"Play / Pause","Previous","Next","Volume +","Volume -","Show / Hide","Music Center","Settings"};for(int i=0;i<names.length;i++)if(names[i].equals(listening)){KeyBindings.set(maps[i],key);KeyBindings.syncConfig();break;}listening=null;init();return true;}return super.keyPressed(key,scancode,mods);}
                                                                                                                                                                                                                                                                                                                                                                                                                                                                                                                                                                                                                                                                  ^
    required: KeyEvent
    found:    int,int,int
    reason: actual and formal argument lists differ in length
  C:\Users\Игорь\Desktop\player music\music-player-repair-work\extract\zalypamod-main\src\main\java\dev\musicplayer\ui\SettingsCenterScreen.java:39: error: method renderBackground in class Screen cannot be applied to given types;
   @Override public void render(GuiGraphics g,int mx,int my,float delta){renderBackground(g);g.drawString(font,"Music Player • Settings Center",18,10,0xFFFFFF);g.drawString(font,tab,18,52,0xA8ABB4);super.render(g,mx,my,delta);}
                                                                         ^
    required: GuiGraphics,int,int,float
    found:    GuiGraphics
    reason: actual and formal argument lists differ in length
  C:\Users\Игорь\Desktop\player music\music-player-repair-work\extract\zalypamod-main\src\main\java\dev\musicplayer\ui\ThemeStudioScreen.java:79: error: method renderBackground in class Screen cannot be applied to given types;
          renderBackground(g); placeFields();
          ^
    required: GuiGraphics,int,int,float
    found:    GuiGraphics
    reason: actual and formal argument lists differ in length
  C:\Users\Игорь\Desktop\player music\music-player-repair-work\extract\zalypamod-main\src\main\java\dev\musicplayer\ui\ThemeStudioScreen.java:246: error: method mouseClicked in interface ContainerEventHandler cannot be applied to given types;
          return super.mouseClicked(x,y,b);
                      ^
    required: MouseButtonEvent,boolean
    found:    double,double,int
    reason: actual and formal argument lists differ in length
  C:\Users\Игорь\Desktop\player music\music-player-repair-work\extract\zalypamod-main\src\main\java\dev\musicplayer\ui\ThemeStudioScreen.java:275: error: method mouseDragged in interface ContainerEventHandler cannot be applied to given types;
          return super.mouseDragged(x,y,b,dx,dy);
                      ^
    required: MouseButtonEvent,double,double
    found:    double,double,int,double,double
    reason: actual and formal argument lists differ in length
  C:\Users\Игорь\Desktop\player music\music-player-repair-work\extract\zalypamod-main\src\main\java\dev\musicplayer\ui\ThemeStudioScreen.java:277: error: method mouseReleased in interface ContainerEventHandler cannot be applied to given types;
      @Override public boolean mouseReleased(double x,double y,int b){if(draggingLayer||draggingTree){mod.saveTheme(theme);}draggingLayer=false;resizingLayer=false;draggingTree=false;dragTreeFrom=-1;dragSnapshotTaken=false;return super.mouseReleased(x,y,b);}
                                                                                                                                                                                                                                           ^
    required: MouseButtonEvent
    found:    double,double,int
    reason: actual and formal argument lists differ in length
  C:\Users\Игорь\Desktop\player music\music-player-repair-work\extract\zalypamod-main\src\main\java\dev\musicplayer\ui\ThemeStudioScreen.java:333: error: method keyPressed in class Screen cannot be applied to given types;
          return super.keyPressed(key,scan,mods);
                      ^
    required: KeyEvent
    found:    int,int,int
    reason: actual and formal argument lists differ in length
  C:\Users\Игорь\Desktop\player music\music-player-repair-work\extract\zalypamod-main\src\main\java\dev\musicplayer\client\KeyBindings.java:12: error: incompatible types: String cannot be converted to Category
   private static KeyMapping reg(String id,int key,String cat){return KeyBindingHelper.registerKeyBinding(new KeyMapping(id,InputConstants.Type.KEYSYM,key,cat));}
                                                                                                                                                           ^
  C:\Users\Игорь\Desktop\player music\music-player-repair-work\extract\zalypamod-main\src\main\java\dev\musicplayer\library\MusicLibrary.java:35: error: incompatible types: Object cannot be converted to Track
      public synchronized List<Track> search(String q){if(q==null||q.isBlank())return all();String[] tokens=normalize(q).split("\\s+");return tracks.stream().filter(t->{String hay=normalize(t.title+" "+t.artist+" "+t.album+" "+t.genre+" "+t.file.getFileName());for(String token:tokens)if(!token.isBlank()&&!hay.contains(token))return false;return true;}).sorted(Comparator.comparingInt(t->searchScore(t,tokens)).reversed().thenComparing(t->t.title,String.CASE_INSENSITIVE_ORDER)).toList();}
                                                                                                                                                                                                                                                                                                                                                                                                                 ^
  C:\Users\Игорь\Desktop\player music\music-player-repair-work\extract\zalypamod-main\src\main\java\dev\musicplayer\library\MetadataCache.java:24: error: incompatible types: Object cannot be converted to Map<? extends String,? extends Entry>
      private void load(){try{if(Files.exists(file)){var m=gson.fromJson(Files.readString(file),Map.class);if(m!=null){var parsed=gson.fromJson(Files.readString(file),new com.google.gson.reflect.TypeToken<Map<String,Entry>>(){}.getType());if(parsed!=null)entries.putAll(parsed);}}}catch(Exception ignored){entries.clear();}}
                                                                                                                                                                                                                                                                              ^
  C:\Users\Игорь\Desktop\player music\music-player-repair-work\extract\zalypamod-main\src\main\java\dev\musicplayer\ui\MusicHud.java:57: error: incompatible types: int cannot be converted to Matrix3x2f
          if(rot!=0){g.pose().translate(px+pw/2f,py+ph/2f,0);g.pose().mulPose(com.mojang.math.Axis.ZP.rotationDegrees(rot));g.pose().translate(-pw/2f,-ph/2f,0);px=0;py=0;}
                                                          ^
  C:\Users\Игорь\Desktop\player music\music-player-repair-work\extract\zalypamod-main\src\main\java\dev\musicplayer\ui\MusicHud.java:57: error: incompatible types: int cannot be converted to Matrix3x2f
          if(rot!=0){g.pose().translate(px+pw/2f,py+ph/2f,0);g.pose().mulPose(com.mojang.math.Axis.ZP.rotationDegrees(rot));g.pose().translate(-pw/2f,-ph/2f,0);px=0;py=0;}
                                                                                                                                                             ^
  C:\Users\Игорь\Desktop\player music\music-player-repair-work\extract\zalypamod-main\src\main\java\dev\musicplayer\ui\MusicHud.java:141: error: incompatible types: int cannot be converted to Matrix3x2f
          if(angle!=0){g.pose().translate(cx,cy,0);g.pose().mulPose(com.mojang.math.Axis.ZP.rotationDegrees(angle));g.pose().translate(-cx,-cy,0);}
                                                ^
  C:\Users\Игорь\Desktop\player music\music-player-repair-work\extract\zalypamod-main\src\main\java\dev\musicplayer\ui\MusicHud.java:141: error: incompatible types: int cannot be converted to Matrix3x2f
          if(angle!=0){g.pose().translate(cx,cy,0);g.pose().mulPose(com.mojang.math.Axis.ZP.rotationDegrees(angle));g.pose().translate(-cx,-cy,0);}
                                                                                                                                               ^
  C:\Users\Игорь\Desktop\player music\music-player-repair-work\extract\zalypamod-main\src\main\java\dev\musicplayer\ui\MusicHud.java:180: error: incompatible types: possible lossy conversion from double to float
              int prevX=x,prevY=y+h/2; for(int i=0;i<n;i++){int xx=x+(int)(i/(double)(n-1)*Math.max(1,w-1));float v=Math.max(0,Math.min(1,s[(int)(i/(double)n*s.length)]*sens));int yy=y+h/2-(int)(v*h*.45);if(i>0)line(g,prevX,prevY,xx,yy,c,Math.max(1,(int)th.visualizer.waveThickness));prevX=xx;prevY=yy;} return;
                                                                                                                            ^
  C:\Users\Игорь\Desktop\player music\music-player-repair-work\extract\zalypamod-main\src\main\java\dev\musicplayer\ui\MusicHud.java:185: error: incompatible types: possible lossy conversion from double to float
              for(int ring=0;ring<rings;ring++){double radius=base*(1+ring*th.visualizer.ringGap);for(int i=0;i<n;i++){double a0=Math.PI*2*i/n+System.nanoTime()/1e9*.05*th.visualizer.rotationSpeed;float v=Math.max(0,Math.min(1,s[i%s.length]*sens));double r1=radius+v*Math.min(w,h)*.22;line(g,cx+(int)(Math.cos(a0)*radius),cy+(int)(Math.sin(a0)*radius),cx+(int)(Math.cos(a0)*r1),cy+(int)(Math.sin(a0)*r1),c,Math.max(1,(int)th.visualizer.thickness));}} return;
                                                                                                                                                                                                                     ^
  C:\Users\Игорь\Desktop\player music\music-player-repair-work\extract\zalypamod-main\src\main\java\dev\musicplayer\ui\MusicHud.java:192: error: incompatible types: possible lossy conversion from double to float
              int prevX=x,prevY=y+h; for(int i=0;i<n;i++){int xx=x+(int)(i/(double)Math.max(1,n-1)*(w-1));float v=Math.max(0,Math.min(1,s[(int)(i/(double)n*s.length)]*sens));int yy=y+h-(int)(v*h);if(i>0)line(g,prevX,prevY,xx,yy,c,Math.max(1,(int)th.visualizer.thickness));if(th.visualizer.filled)g.fill(Math.min(prevX,xx),yy,Math.max(prevX,xx)+2,y+h,c);prevX=xx;prevY=yy;}return;
                                                                                                                          ^
  C:\Users\Игорь\Desktop\player music\music-player-repair-work\extract\zalypamod-main\src\main\java\dev\musicplayer\ui\MusicHud.java:194: error: incompatible types: possible lossy conversion from double to float
          for(int i=0;i<n;i++){int idx=(int)((i/(double)n)*s.length);float v=Math.max(0,Math.min(1,s[idx]*sens));int bh=(int)(v*h);int bx=x+i*w/n;int bw=Math.max(1,w/n-1);g.fill(bx,y+h-bh,bx+bw,y+h,c);if(th.visualizer.mirror)g.fill(bx,y,bx+bw,y+bh/3,parse(th.accent,(int)(120*th.visualizer.opacity)));}
                                                                                     ^
  C:\Users\Игорь\Desktop\player music\music-player-repair-work\extract\zalypamod-main\src\main\java\dev\musicplayer\ui\MusicScreen.java:73: error: incompatible types: bad type in switch expression
          Comparator<Track> c=switch(sort){case "Artist"->Comparator.comparing(Track::displayArtist,String.CASE_INSENSITIVE_ORDER).thenComparing(t->t.title,String.CASE_INSENSITIVE_ORDER);case "Album"->Comparator.comparing(Track::displayAlbum,String.CASE_INSENSITIVE_ORDER).thenComparingInt(t->t.trackNumber);case "Duration"->Comparator.comparingLong(t->t.durationMs);case "Genre"->Comparator.comparing(t->t.genre==null?"":t.genre,String.CASE_INSENSITIVE_ORDER).thenComparing(t->t.title,String.CASE_INSENSITIVE_ORDER);default->Comparator.comparing(t->t.title,String.CASE_INSENSITIVE_ORDER);};
                                                                                                                                                                                                                                                                                                                                                                                                                                                                                          ^
      no instance(s) of type variable(s) U exist so that Comparator<Object> conforms to Comparator<Track>
    where U,T are type-variables:
      U extends Object declared in method <U>thenComparing(Function<? super T,? extends U>,Comparator<? super U>)
      T extends Object declared in interface Comparator
  C:\Users\Игорь\Desktop\player music\music-player-repair-work\extract\zalypamod-main\src\main\java\dev\musicplayer\ui\SettingsCenterScreen.java:26: error: incompatible types: Consumer<Button> cannot be converted to OnPress
   private void row(String label,String value,java.util.function.Consumer<Button> action){int y=66+scroll*0;addRenderableWidget(Button.builder(Component.literal(label+": "+value),action).bounds(28,y,Math.min(360,width-56),22).build());scroll++;}
                                                                                                                                                                                   ^
  C:\Users\Игорь\Desktop\player music\music-player-repair-work\extract\zalypamod-main\src\main\java\dev\musicplayer\ui\SettingsCenterScreen.java:29: error: non-static method open(File) cannot be referenced from a static context
   private void library(){row("Tracks",String.valueOf(mod.LIBRARY.all().size()),b->{});row("Reload library","Scan music folder",b->{mod.reloadLibrary();init();});row("Open music folder",".minecraft/music",b->{try{Desktop.open(mod.gameDir.resolve("music").toFile());}catch(Exception ignored){}});}
                                                                                                                                                                                                                            ^
  C:\Users\Игорь\Desktop\player music\music-player-repair-work\extract\zalypamod-main\src\main\java\dev\musicplayer\ui\MusicHud.java:6: error: cannot find symbol
  import net.fabricmc.fabric.api.client.rendering.v1.HudElementRegistry;
                                                    ^
    symbol:   class HudElementRegistry
    location: package net.fabricmc.fabric.api.client.rendering.v1
  C:\Users\Игорь\Desktop\player music\music-player-repair-work\extract\zalypamod-main\src\main\java\dev\musicplayer\ui\MusicHud.java:9: error: cannot find symbol
  import net.minecraft.resources.ResourceLocation;
                                ^
    symbol:   class ResourceLocation
    location: package net.minecraft.resources
  C:\Users\Игорь\Desktop\player music\music-player-repair-work\extract\zalypamod-main\src\main\java\dev\musicplayer\ui\MusicHud.java:115: error: cannot find symbol
      private static void drawMaskedTexture(GuiGraphics g,ResourceLocation id,int x,int y,int w,int h,String mask,int radius){
                                                          ^
    symbol:   class ResourceLocation
    location: class MusicHud
  C:\Users\Игорь\Desktop\player music\music-player-repair-work\extract\zalypamod-main\src\main\java\dev\musicplayer\ui\TextureCache.java:5: error: cannot find symbol
  import net.minecraft.resources.ResourceLocation;
                                ^
    symbol:   class ResourceLocation
    location: package net.minecraft.resources
  C:\Users\Игорь\Desktop\player music\music-player-repair-work\extract\zalypamod-main\src\main\java\dev\musicplayer\ui\TextureCache.java:13: error: cannot find symbol
      private static final LinkedHashMap<String,ResourceLocation> MAP=new LinkedHashMap<>(64,.75f,true);
                                                ^
    symbol:   class ResourceLocation
    location: class TextureCache
  C:\Users\Игорь\Desktop\player music\music-player-repair-work\extract\zalypamod-main\src\main\java\dev\musicplayer\ui\TextureCache.java:16: error: cannot find symbol
      public static synchronized ResourceLocation get(Path p){
                                 ^
    symbol:   class ResourceLocation
    location: class TextureCache
  C:\Users\Игорь\Desktop\player music\music-player-repair-work\extract\zalypamod-main\src\main\java\dev\musicplayer\ui\TextureCache.java:30: error: cannot find symbol
      private static void removeInternal(String k,ResourceLocation id){MAP.remove(k);STAMPS.remove(k);try{Minecraft.getInstance().getTextureManager().release(id);}catch(Exception ignored){}}
                                                  ^
    symbol:   class ResourceLocation
    location: class TextureCache
  C:\Users\Игорь\Desktop\player music\music-player-repair-work\extract\zalypamod-main\src\main\java\dev\musicplayer\library\MusicLibrary.java:35: error: cannot find symbol
      public synchronized List<Track> search(String q){if(q==null||q.isBlank())return all();String[] tokens=normalize(q).split("\\s+");return tracks.stream().filter(t->{String hay=normalize(t.title+" "+t.artist+" "+t.album+" "+t.genre+" "+t.file.getFileName());for(String token:tokens)if(!token.isBlank()&&!hay.contains(token))return false;return true;}).sorted(Comparator.comparingInt(t->searchScore(t,tokens)).reversed().thenComparing(t->t.title,String.CASE_INSENSITIVE_ORDER)).toList();}
                                                                                                                                                                                                                                                                                                                                                                                                                                                         ^
    symbol:   variable title
    location: variable t of type Object
  C:\Users\Игорь\Desktop\player music\music-player-repair-work\extract\zalypamod-main\src\main\java\dev\musicplayer\ui\MusicHud.java:18: error: cannot find symbol
      public static void init(){HudElementRegistry.addLast(ResourceLocation.fromNamespaceAndPath("musicplayer","player"),(g,d)->render(g));}
                                ^
    symbol:   variable HudElementRegistry
    location: class MusicHud
  C:\Users\Игорь\Desktop\player music\music-player-repair-work\extract\zalypamod-main\src\main\java\dev\musicplayer\ui\MusicHud.java:18: error: cannot find symbol
      public static void init(){HudElementRegistry.addLast(ResourceLocation.fromNamespaceAndPath("musicplayer","player"),(g,d)->render(g));}
                                                           ^
    symbol:   variable ResourceLocation
    location: class MusicHud
  C:\Users\Игорь\Desktop\player music\music-player-repair-work\extract\zalypamod-main\src\main\java\dev\musicplayer\ui\MusicHud.java:33: error: cannot find symbol
              ResourceLocation id=TextureCache.get(th.root.resolve(th.background.image));
              ^
    symbol:   class ResourceLocation
    location: class MusicHud
  C:\Users\Игорь\Desktop\player music\music-player-repair-work\extract\zalypamod-main\src\main\java\dev\musicplayer\ui\MusicHud.java:108: error: cannot find symbol
          Minecraft.getInstance().font.drawInBatch(text, x, y+Math.max(0,(h-Minecraft.getInstance().font.lineHeight)/2), c, l.shadow, g.pose().last().pose(), net.minecraft.client.renderer.MultiBufferSource.BufferSource.immediate(net.minecraft.client.renderer.RenderType.textIntensity(Minecraft.getInstance().font.getId())), net.minecraft.client.renderer.LightTexture.FULL_BRIGHT, 0,0);
                                                                                                                                                                                                                                                                  ^
    symbol:   class RenderType
    location: package net.minecraft.client.renderer
  C:\Users\Игорь\Desktop\player music\music-player-repair-work\extract\zalypamod-main\src\main\java\dev\musicplayer\ui\MusicHud.java:112: error: cannot find symbol
          ResourceLocation id=TextureCache.get(th.root.resolve(l.image));if(id!=null)drawMaskedTexture(g,id,x,y,w,h,l.mask,l.maskRadius);
          ^
    symbol:   class ResourceLocation
    location: class MusicHud
  C:\Users\Игорь\Desktop\player music\music-player-repair-work\extract\zalypamod-main\src\main\java\dev\musicplayer\ui\MusicHud.java:130: error: cannot find symbol
          Path art=t.artwork; ResourceLocation id=art==null?null:TextureCache.get(art);
                              ^
    symbol:   class ResourceLocation
    location: class MusicHud
  C:\Users\Игорь\Desktop\player music\music-player-repair-work\extract\zalypamod-main\src\main\java\dev\musicplayer\ui\MusicHud.java:206: error: cannot find symbol
          if(cover>0&&t.artwork!=null){ResourceLocation id=TextureCache.get(t.artwork);if(id!=null)g.blit(id,ix+5,iy+5,cover,cover,0,0,1,1,1,1);}
                                       ^
    symbol:   class ResourceLocation
    location: class MusicHud
  C:\Users\Игорь\Desktop\player music\music-player-repair-work\extract\zalypamod-main\src\main\java\dev\musicplayer\ui\MusicScreen.java:73: error: cannot find symbol
          Comparator<Track> c=switch(sort){case "Artist"->Comparator.comparing(Track::displayArtist,String.CASE_INSENSITIVE_ORDER).thenComparing(t->t.title,String.CASE_INSENSITIVE_ORDER);case "Album"->Comparator.comparing(Track::displayAlbum,String.CASE_INSENSITIVE_ORDER).thenComparingInt(t->t.trackNumber);case "Duration"->Comparator.comparingLong(t->t.durationMs);case "Genre"->Comparator.comparing(t->t.genre==null?"":t.genre,String.CASE_INSENSITIVE_ORDER).thenComparing(t->t.title,String.CASE_INSENSITIVE_ORDER);default->Comparator.comparing(t->t.title,String.CASE_INSENSITIVE_ORDER);};
                                                                                                                                                                                                                                                                                                                                                                                                                      ^
    symbol:   variable genre
    location: variable t of type Object
  C:\Users\Игорь\Desktop\player music\music-player-repair-work\extract\zalypamod-main\src\main\java\dev\musicplayer\ui\MusicScreen.java:73: error: cannot find symbol
          Comparator<Track> c=switch(sort){case "Artist"->Comparator.comparing(Track::displayArtist,String.CASE_INSENSITIVE_ORDER).thenComparing(t->t.title,String.CASE_INSENSITIVE_ORDER);case "Album"->Comparator.comparing(Track::displayAlbum,String.CASE_INSENSITIVE_ORDER).thenComparingInt(t->t.trackNumber);case "Duration"->Comparator.comparingLong(t->t.durationMs);case "Genre"->Comparator.comparing(t->t.genre==null?"":t.genre,String.CASE_INSENSITIVE_ORDER).thenComparing(t->t.title,String.CASE_INSENSITIVE_ORDER);default->Comparator.comparing(t->t.title,String.CASE_INSENSITIVE_ORDER);};
                                                                                                                                                                                                                                                                                                                                                                                                                                       ^
    symbol:   variable genre
    location: variable t of type Object
  C:\Users\Игорь\Desktop\player music\music-player-repair-work\extract\zalypamod-main\src\main\java\dev\musicplayer\ui\MusicScreen.java:73: error: cannot find symbol
          Comparator<Track> c=switch(sort){case "Artist"->Comparator.comparing(Track::displayArtist,String.CASE_INSENSITIVE_ORDER).thenComparing(t->t.title,String.CASE_INSENSITIVE_ORDER);case "Album"->Comparator.comparing(Track::displayAlbum,String.CASE_INSENSITIVE_ORDER).thenComparingInt(t->t.trackNumber);case "Duration"->Comparator.comparingLong(t->t.durationMs);case "Genre"->Comparator.comparing(t->t.genre==null?"":t.genre,String.CASE_INSENSITIVE_ORDER).thenComparing(t->t.title,String.CASE_INSENSITIVE_ORDER);default->Comparator.comparing(t->t.title,String.CASE_INSENSITIVE_ORDER);};
                                                                                                                                                                                                                                                                                                                                                                                                                                                                                               ^
    symbol:   variable title
    location: variable t of type Object
  C:\Users\Игорь\Desktop\player music\music-player-repair-work\extract\zalypamod-main\src\main\java\dev\musicplayer\ui\MusicScreen.java:105: error: cannot find symbol
              Path art="Artists".equals(tab)?mod.LIBRARY.artistArtwork(name):mod.LIBRARY.albumArtwork(name);
              ^
    symbol:   class Path
    location: class MusicScreen
  C:\Users\Игорь\Desktop\player music\music-player-repair-work\extract\zalypamod-main\src\main\java\dev\musicplayer\ui\MusicScreen.java:119: error: cannot find symbol
          Path art="Artists".equals(tab)?mod.LIBRARY.artistArtwork(groupSelection):mod.LIBRARY.albumArtwork(groupSelection);
          ^
    symbol:   class Path
    location: class MusicScreen
  C:\Users\Игорь\Desktop\player music\music-player-repair-work\extract\zalypamod-main\src\main\java\dev\musicplayer\ui\TextureCache.java:19: error: cannot find symbol
          ResourceLocation old=MAP.get(k);
          ^
    symbol:   class ResourceLocation
    location: class TextureCache
  C:\Users\Игорь\Desktop\player music\music-player-repair-work\extract\zalypamod-main\src\main\java\dev\musicplayer\ui\TextureCache.java:23: error: cannot find symbol
              DynamicTexture t=new DynamicTexture(p.getFileName().toString(),net.minecraft.client.renderer.texture.NativeImage.read(in));
                                                                                                                  ^
    symbol:   class NativeImage
    location: package net.minecraft.client.renderer.texture
  C:\Users\Игорь\Desktop\player music\music-player-repair-work\extract\zalypamod-main\src\main\java\dev\musicplayer\ui\TextureCache.java:24: error: cannot find symbol
              ResourceLocation id=ResourceLocation.fromNamespaceAndPath("musicplayer","file/"+Integer.toHexString((k+stamp).hashCode()));
              ^
    symbol:   class ResourceLocation
    location: class TextureCache
  C:\Users\Игорь\Desktop\player music\music-player-repair-work\extract\zalypamod-main\src\main\java\dev\musicplayer\ui\TextureCache.java:24: error: cannot find symbol
              ResourceLocation id=ResourceLocation.fromNamespaceAndPath("musicplayer","file/"+Integer.toHexString((k+stamp).hashCode()));
                                  ^
    symbol:   variable ResourceLocation
    location: class TextureCache
  C:\Users\Игорь\Desktop\player music\music-player-repair-work\extract\zalypamod-main\src\main\java\dev\musicplayer\ui\TextureCache.java:29: error: cannot find symbol
      private static void evict(){while(MAP.size()>MAX_ENTRIES){Iterator<Map.Entry<String,ResourceLocation>> it=MAP.entrySet().iterator();if(!it.hasNext())return;var e=it.next();it.remove();STAMPS.remove(e.getKey());try{Minecraft.getInstance().getTextureManager().release(e.getValue());}catch(Exception ignored){}}}
                                                                                          ^
    symbol:   class ResourceLocation
    location: class TextureCache
  C:\Users\Игорь\Desktop\player music\music-player-repair-work\extract\zalypamod-main\src\main\java\dev\musicplayer\ui\TextureCache.java:31: error: cannot find symbol
      public static synchronized void clear(){for(ResourceLocation id:MAP.values())try{Minecraft.getInstance().getTextureManager().release(id);}catch(Exception ignored){}MAP.clear();STAMPS.clear();}
                                                  ^
    symbol:   class ResourceLocation
    location: class TextureCache
  C:\Users\Игорь\Desktop\player music\music-player-repair-work\extract\zalypamod-main\src\main\java\dev\musicplayer\ui\ThemeStudioScreen.java:211: error: cannot find symbol
                  if(l.group!=null&&!l.group.isBlank()&&local>=50&&local<72){ if(collapsedGroups.contains(l.group)) collapsedGroups.remove(l.group); else collapsedGroups.add(l.group); syncFields(); return true; }
                     ^
    symbol:   variable l
    location: class ThemeStudioScreen
  C:\Users\Игорь\Desktop\player music\music-player-repair-work\extract\zalypamod-main\src\main\java\dev\musicplayer\ui\ThemeStudioScreen.java:211: error: cannot find symbol
                  if(l.group!=null&&!l.group.isBlank()&&local>=50&&local<72){ if(collapsedGroups.contains(l.group)) collapsedGroups.remove(l.group); else collapsedGroups.add(l.group); syncFields(); return true; }
                                                                                                          ^
    symbol:   variable l
    location: class ThemeStudioScreen
  C:\Users\Игорь\Desktop\player music\music-player-repair-work\extract\zalypamod-main\src\main\java\dev\musicplayer\ui\ThemeStudioScreen.java:211: error: cannot find symbol
                  if(l.group!=null&&!l.group.isBlank()&&local>=50&&local<72){ if(collapsedGroups.contains(l.group)) collapsedGroups.remove(l.group); else collapsedGroups.add(l.group); syncFields(); return true; }
                                                                                                                                           ^
    symbol:   variable l
    location: class ThemeStudioScreen
  C:\Users\Игорь\Desktop\player music\music-player-repair-work\extract\zalypamod-main\src\main\java\dev\musicplayer\ui\ThemeStudioScreen.java:211: error: cannot find symbol
                  if(l.group!=null&&!l.group.isBlank()&&local>=50&&local<72){ if(collapsedGroups.contains(l.group)) collapsedGroups.remove(l.group); else collapsedGroups.add(l.group); syncFields(); return true; }
                                                                                                                                                                              ^
    symbol:   variable l
    location: class ThemeStudioScreen
  C:\Users\Игорь\Desktop\player music\music-player-repair-work\extract\zalypamod-main\src\main\java\dev\musicplayer\ui\SettingsCenterScreen.java:36: error: method does not override or implement a method from a supertype
   @Override public boolean keyPressed(int key,int scancode,int mods){if(listening!=null){if(key==GLFW.GLFW_KEY_ESCAPE){listening=null;init();return true;}net.minecraft.client.KeyMapping[] maps={KeyBindings.playPause,KeyBindings.previous,KeyBindings.next,KeyBindings.volumeUp,KeyBindings.volumeDown,KeyBindings.toggle,KeyBindings.library,KeyBindings.settings};String[] names={"Play / Pause","Previous","Next","Volume +","Volume -","Show / Hide","Music Center","Settings"};for(int i=0;i<names.length;i++)if(names[i].equals(listening)){KeyBindings.set(maps[i],key);KeyBindings.syncConfig();break;}listening=null;init();return true;}return super.keyPressed(key,scancode,mods);}
   ^
  C:\Users\Игорь\Desktop\player music\music-player-repair-work\extract\zalypamod-main\src\main\java\dev\musicplayer\ui\ThemeStudioScreen.java:201: error: method does not override or implement a method from a supertype
      @Override public boolean mouseClicked(double x,double y,int b){
      ^
  C:\Users\Игорь\Desktop\player music\music-player-repair-work\extract\zalypamod-main\src\main\java\dev\musicplayer\ui\ThemeStudioScreen.java:267: error: method does not override or implement a method from a supertype
      @Override public boolean mouseDragged(double x,double y,int b,double dx,double dy){
      ^
  C:\Users\Игорь\Desktop\player music\music-player-repair-work\extract\zalypamod-main\src\main\java\dev\musicplayer\ui\ThemeStudioScreen.java:277: error: method does not override or implement a method from a supertype
      @Override public boolean mouseReleased(double x,double y,int b){if(draggingLayer||draggingTree){mod.saveTheme(theme);}draggingLayer=false;resizingLayer=false;draggingTree=false;dragTreeFrom=-1;dragSnapshotTaken=false;return super.mouseReleased(x,y,b);}
      ^
  C:\Users\Игорь\Desktop\player music\music-player-repair-work\extract\zalypamod-main\src\main\java\dev\musicplayer\ui\ThemeStudioScreen.java:284: error: method does not override or implement a method from a supertype
      @Override public boolean keyPressed(int key,int scan,int mods){
      ^
  Note: Some messages have been simplified; recompile with -Xdiags:verbose to get full output
  C:\Users\Игорь\Desktop\player music\music-player-repair-work\extract\zalypamod-main\src\main\java\dev\musicplayer\ui\ThemeStudioScreen.java:211: error: package l does not exist
                  if(l.group!=null&&!l.group.isBlank()&&local>=50&&local<72){ if(collapsedGroups.contains(l.group)) collapsedGroups.remove(l.group); else collapsedGroups.add(l.group); syncFields(); return true; }
                                      ^
  C:\Users\Игорь\Desktop\player music\music-player-repair-work\extract\zalypamod-main\src\main\java\dev\musicplayer\client\KeyBindings.java:14: error: cannot find symbol
   public static int code(KeyMapping m){return m.getKey().getValue();}
                                                ^
    symbol:   method getKey()
    location: variable m of type KeyMapping
  C:\Users\Игорь\Desktop\player music\music-player-repair-work\extract\zalypamod-main\src\main\java\dev\musicplayer\ui\HudInteraction.java:26: error: cannot find symbol
          long window = mc.getWindow().getWindow();
                                      ^
    symbol:   method getWindow()
    location: class Window
  C:\Users\Игорь\Desktop\player music\music-player-repair-work\extract\zalypamod-main\src\main\java\dev\musicplayer\ui\MusicHud.java:56: error: cannot find symbol
          g.pose().pushPose();
                  ^
    symbol:   method pushPose()
    location: class Matrix3x2fStack
  C:\Users\Игорь\Desktop\player music\music-player-repair-work\extract\zalypamod-main\src\main\java\dev\musicplayer\ui\MusicHud.java:57: error: cannot find symbol
          if(rot!=0){g.pose().translate(px+pw/2f,py+ph/2f,0);g.pose().mulPose(com.mojang.math.Axis.ZP.rotationDegrees(rot));g.pose().translate(-pw/2f,-ph/2f,0);px=0;py=0;}
                                                                     ^
    symbol:   method mulPose(Quaternionf)
    location: class Matrix3x2fStack
  C:\Users\Игорь\Desktop\player music\music-player-repair-work\extract\zalypamod-main\src\main\java\dev\musicplayer\ui\MusicHud.java:71: error: cannot find symbol
          g.pose().popPose();
                  ^
    symbol:   method popPose()
    location: class Matrix3x2fStack
  C:\Users\Игорь\Desktop\player music\music-player-repair-work\extract\zalypamod-main\src\main\java\dev\musicplayer\ui\MusicHud.java:108: error: cannot find symbol
          Minecraft.getInstance().font.drawInBatch(text, x, y+Math.max(0,(h-Minecraft.getInstance().font.lineHeight)/2), c, l.shadow, g.pose().last().pose(), net.minecraft.client.renderer.MultiBufferSource.BufferSource.immediate(net.minecraft.client.renderer.RenderType.textIntensity(Minecraft.getInstance().font.getId())), net.minecraft.client.renderer.LightTexture.FULL_BRIGHT, 0,0);
                                                                                                                                              ^
    symbol:   method last()
    location: class Matrix3x2fStack
  C:\Users\Игорь\Desktop\player music\music-player-repair-work\extract\zalypamod-main\src\main\java\dev\musicplayer\ui\MusicHud.java:108: error: cannot find symbol
          Minecraft.getInstance().font.drawInBatch(text, x, y+Math.max(0,(h-Minecraft.getInstance().font.lineHeight)/2), c, l.shadow, g.pose().last().pose(), net.minecraft.client.renderer.MultiBufferSource.BufferSource.immediate(net.minecraft.client.renderer.RenderType.textIntensity(Minecraft.getInstance().font.getId())), net.minecraft.client.renderer.LightTexture.FULL_BRIGHT, 0,0);
                                                                                                                                                                                                                                                                                                                        ^
    symbol:   method getId()
    location: variable font of type Font
  C:\Users\Игорь\Desktop\player music\music-player-repair-work\extract\zalypamod-main\src\main\java\dev\musicplayer\ui\MusicHud.java:140: error: cannot find symbol
          g.pose().pushPose();
                  ^
    symbol:   method pushPose()
    location: class Matrix3x2fStack
  C:\Users\Игорь\Desktop\player music\music-player-repair-work\extract\zalypamod-main\src\main\java\dev\musicplayer\ui\MusicHud.java:141: error: cannot find symbol
          if(angle!=0){g.pose().translate(cx,cy,0);g.pose().mulPose(com.mojang.math.Axis.ZP.rotationDegrees(angle));g.pose().translate(-cx,-cy,0);}
                                                           ^
    symbol:   method mulPose(Quaternionf)
    location: class Matrix3x2fStack
  C:\Users\Игорь\Desktop\player music\music-player-repair-work\extract\zalypamod-main\src\main\java\dev\musicplayer\ui\MusicHud.java:164: error: cannot find symbol
          g.pose().popPose();
                  ^
    symbol:   method popPose()
    location: class Matrix3x2fStack
  C:\Users\Игорь\Desktop\player music\music-player-repair-work\extract\zalypamod-main\src\main\java\dev\musicplayer\ui\MusicScreen.java:137: error: cannot find symbol
      private int modsForMouse(){int m=0;long w=Minecraft.getInstance().getWindow().getWindow();if(GLFW.glfwGetKey(w,GLFW.GLFW_KEY_LEFT_CONTROL)==GLFW.GLFW_PRESS||GLFW.glfwGetKey(w,GLFW.GLFW_KEY_RIGHT_CONTROL)==GLFW.GLFW_PRESS)m|=GLFW.GLFW_MOD_CONTROL;return m;}
                                                                                   ^
    symbol:   method getWindow()
    location: class Window
  C:\Users\Игорь\Desktop\player music\music-player-repair-work\extract\zalypamod-main\src\main\java\dev\musicplayer\ui\ThemeStudioScreen.java:53: error: cannot find symbol
          addDrawableChild(hex1); addDrawableChild(hex2); addDrawableChild(nameBox); addDrawableChild(groupBox);
          ^
    symbol:   method addDrawableChild(EditBox)
    location: class ThemeStudioScreen
  C:\Users\Игорь\Desktop\player music\music-player-repair-work\extract\zalypamod-main\src\main\java\dev\musicplayer\ui\ThemeStudioScreen.java:53: error: cannot find symbol
          addDrawableChild(hex1); addDrawableChild(hex2); addDrawableChild(nameBox); addDrawableChild(groupBox);
                                  ^
    symbol:   method addDrawableChild(EditBox)
    location: class ThemeStudioScreen
  C:\Users\Игорь\Desktop\player music\music-player-repair-work\extract\zalypamod-main\src\main\java\dev\musicplayer\ui\ThemeStudioScreen.java:53: error: cannot find symbol
          addDrawableChild(hex1); addDrawableChild(hex2); addDrawableChild(nameBox); addDrawableChild(groupBox);
                                                          ^
    symbol:   method addDrawableChild(EditBox)
    location: class ThemeStudioScreen
  C:\Users\Игорь\Desktop\player music\music-player-repair-work\extract\zalypamod-main\src\main\java\dev\musicplayer\ui\ThemeStudioScreen.java:53: error: cannot find symbol
          addDrawableChild(hex1); addDrawableChild(hex2); addDrawableChild(nameBox); addDrawableChild(groupBox);
                                                                                     ^
    symbol:   method addDrawableChild(EditBox)
    location: class ThemeStudioScreen
  C:\Users\Игорь\Desktop\player music\music-player-repair-work\extract\zalypamod-main\src\main\java\dev\musicplayer\ui\ThemeStudioScreen.java:209: error: cannot find symbol
                  if(Screen.hasControlDown()) { if(!selectedLayers.add(i)) selectedLayers.remove(i); selected=i; syncFields(); return true; }
                           ^
    symbol:   method hasControlDown()
    location: class Screen
  C:\Users\Игорь\Desktop\player music\music-player-repair-work\extract\zalypamod-main\src\main\java\dev\musicplayer\ui\ThemeStudioScreen.java:244: error: cannot find symbol
              if(x<canvasW()&&y>=56&&y<height-56&&!l.locked){draggingLayer=true;resizingLayer=Screen.hasShiftDown();dragX=x;dragY=y;dragSnapshotTaken=false;return true;}
                                                                                                    ^
    symbol:   method hasShiftDown()
    location: class Screen
  C:\Users\Игорь\Desktop\player music\music-player-repair-work\extract\zalypamod-main\src\main\java\dev\musicplayer\ui\ThemeStudioScreen.java:262: error: cannot find symbol
      private void adjust(Theme.Layer l,int id,int dir){double d=dir*(Screen.hasShiftDown()?10:2);switch(id){case 0->l.x+=d;case 1->l.y+=d;case 2->l.width=Math.max(4,l.width+d);case 3->l.height=Math.max(4,l.height+d);case 4->l.rotation+=d;case 5->l.opacity=Math.max(0,Math.min(1,l.opacity+d*.05));case 6->l.radius=Math.max(0,(int)(l.radius+d));}}
                                                                            ^
    symbol:   method hasShiftDown()
    location: class Screen
  C:\Users\Игорь\Desktop\player music\music-player-repair-work\extract\zalypamod-main\src\main\java\dev\musicplayer\ui\ThemeStudioScreen.java:285: error: cannot find symbol
          if(Screen.hasControlDown()&&key==GLFW.GLFW_KEY_Z){undo();return true;}
                   ^
    symbol:   method hasControlDown()
    location: class Screen
  C:\Users\Игорь\Desktop\player music\music-player-repair-work\extract\zalypamod-main\src\main\java\dev\musicplayer\ui\ThemeStudioScreen.java:286: error: cannot find symbol
          if(Screen.hasControlDown()&&key==GLFW.GLFW_KEY_Y){redo();return true;}
                   ^
    symbol:   method hasControlDown()
    location: class Screen
  C:\Users\Игорь\Desktop\player music\music-player-repair-work\extract\zalypamod-main\src\main\java\dev\musicplayer\ui\ThemeStudioScreen.java:296: error: cannot find symbol
              if(key==GLFW.GLFW_KEY_G&&Screen.hasControlDown()){mutate(()->l.group=(l.group==null||l.group.isBlank())?"Group 1":"");return true;}
                                             ^
    symbol:   method hasControlDown()
    location: class Screen
  C:\Users\Игорь\Desktop\player music\music-player-repair-work\extract\zalypamod-main\src\main\java\dev\musicplayer\ui\ThemeStudioScreen.java:297: error: cannot find symbol
              if(key==GLFW.GLFW_KEY_L&&Screen.hasControlDown()){mutate(()->l.locked=!l.locked);return true;}
                                             ^
    symbol:   method hasControlDown()
    location: class Screen
  C:\Users\Игорь\Desktop\player music\music-player-repair-work\extract\zalypamod-main\src\main\java\dev\musicplayer\ui\ThemeStudioScreen.java:298: error: cannot find symbol
              if(key==GLFW.GLFW_KEY_H&&Screen.hasControlDown()){mutate(()->l.visible=!l.visible);return true;}
                                             ^
    symbol:   method hasControlDown()
    location: class Screen
  C:\Users\Игорь\Desktop\player music\music-player-repair-work\extract\zalypamod-main\src\main\java\dev\musicplayer\ui\ThemeStudioScreen.java:299: error: cannot find symbol
              if(key==GLFW.GLFW_KEY_UP||key==GLFW.GLFW_KEY_DOWN){double step=Screen.hasShiftDown()?10:2;mutate(()->{if(key==GLFW.GLFW_KEY_UP)l.y-=step;else l.y+=step;});return true;}
                                                                                   ^
    symbol:   method hasShiftDown()
    location: class Screen
  C:\Users\Игорь\Desktop\player music\music-player-repair-work\extract\zalypamod-main\src\main\java\dev\musicplayer\ui\ThemeStudioScreen.java:300: error: cannot find symbol
              if(key==GLFW.GLFW_KEY_LEFT||key==GLFW.GLFW_KEY_RIGHT){double step=Screen.hasShiftDown()?10:2;mutate(()->{if(key==GLFW.GLFW_KEY_LEFT)l.x-=step;else l.x+=step;});return true;}
                                                                                      ^
    symbol:   method hasShiftDown()
    location: class Screen
  C:\Users\Игорь\Desktop\player music\music-player-repair-work\extract\zalypamod-main\src\main\java\dev\musicplayer\ui\ThemeStudioScreen.java:308: error: cannot find symbol
              if(Screen.hasControlDown()&&key==GLFW.GLFW_KEY_J){mutate(()->l.addKeyframe(0));return true;}
                       ^
    symbol:   method hasControlDown()
    location: class Screen
  C:\Users\Игорь\Desktop\player music\music-player-repair-work\extract\zalypamod-main\src\main\java\dev\musicplayer\ui\ThemeStudioScreen.java:309: error: cannot find symbol
              if(Screen.hasControlDown()&&key==GLFW.GLFW_KEY_K){mutate(()->l.addKeyframe(1));return true;}
                       ^
    symbol:   method hasControlDown()
    location: class Screen
  C:\Users\Игорь\Desktop\player music\music-player-repair-work\extract\zalypamod-main\src\main\java\dev\musicplayer\ui\ThemeStudioScreen.java:312: error: cannot find symbol
              if(Screen.hasControlDown()&&key==GLFW.GLFW_KEY_B){mutate(()->{theme.background.gradient="none".equalsIgnoreCase(theme.background.gradient)?"vertical":"none";theme.background.type="gradient".equalsIgnoreCase(theme.background.type)?"color":"gradient";});return true;}
                       ^
    symbol:   method hasControlDown()
    location: class Screen
  C:\Users\Игорь\Desktop\player music\music-player-repair-work\extract\zalypamod-main\src\main\java\dev\musicplayer\ui\ThemeStudioScreen.java:313: error: cannot find symbol
              if(key==GLFW.GLFW_KEY_V&&!Screen.hasControlDown()){mutate(()->theme.visualizer.enabled=!theme.visualizer.enabled);return true;}
                                              ^
    symbol:   method hasControlDown()
    location: class Screen
  C:\Users\Игорь\Desktop\player music\music-player-repair-work\extract\zalypamod-main\src\main\java\dev\musicplayer\ui\ThemeStudioScreen.java:314: error: cannot find symbol
              if(Screen.hasControlDown()&&key==GLFW.GLFW_KEY_V){mutate(()->theme.background.dynamicCover=!theme.background.dynamicCover);return true;}
                       ^
    symbol:   method hasControlDown()
    location: class Screen
  C:\Users\Игорь\Desktop\player music\music-player-repair-work\extract\zalypamod-main\src\main\java\dev\musicplayer\ui\ThemeStudioScreen.java:316: error: cannot find symbol
              if(key==GLFW.GLFW_KEY_I){mutate(()->theme.visualizer.sensitivity=Math.max(.1,Math.min(4,theme.visualizer.sensitivity+(Screen.hasShiftDown()?-0.1:.1))));return true;}
                                                                                                                                          ^
    symbol:   method hasShiftDown()
    location: class Screen
  C:\Users\Игорь\Desktop\player music\music-player-repair-work\extract\zalypamod-main\src\main\java\dev\musicplayer\ui\ThemeStudioScreen.java:317: error: cannot find symbol
              if(key==GLFW.GLFW_KEY_M){mutate(()->theme.visualizer.smoothing=Math.max(0,Math.min(1,theme.visualizer.smoothing+(Screen.hasShiftDown()?-0.05:.05))));return true;}
                                                                                                                                     ^
    symbol:   method hasShiftDown()
    location: class Screen
  C:\Users\Игорь\Desktop\player music\music-player-repair-work\extract\zalypamod-main\src\main\java\dev\musicplayer\ui\ThemeStudioScreen.java:318: error: cannot find symbol
              if(key==GLFW.GLFW_KEY_O){mutate(()->theme.visualizer.opacity=Math.max(0,Math.min(1,theme.visualizer.opacity+(Screen.hasShiftDown()?-0.05:.05))));return true;}
                                                                                                                                 ^
    symbol:   method hasShiftDown()
    location: class Screen
  C:\Users\Игорь\Desktop\player music\music-player-repair-work\extract\zalypamod-main\src\main\java\dev\musicplayer\ui\ThemeStudioScreen.java:319: error: cannot find symbol
              if(key==GLFW.GLFW_KEY_COMMA){mutate(()->theme.visualizer.barCount=Math.max(4,theme.visualizer.barCount-(Screen.hasShiftDown()?4:1)));return true;}
                                                                                                                            ^
    symbol:   method hasShiftDown()
    location: class Screen
  C:\Users\Игорь\Desktop\player music\music-player-repair-work\extract\zalypamod-main\src\main\java\dev\musicplayer\ui\ThemeStudioScreen.java:320: error: cannot find symbol
              if(key==GLFW.GLFW_KEY_PERIOD){mutate(()->theme.visualizer.barCount=Math.min(128,theme.visualizer.barCount+(Screen.hasShiftDown()?4:1)));return true;}
                                                                                                                               ^
    symbol:   method hasShiftDown()
    location: class Screen
  C:\Users\Игорь\Desktop\player music\music-player-repair-work\extract\zalypamod-main\src\main\java\dev\musicplayer\ui\ThemeStudioScreen.java:321: error: cannot find symbol
              if(key==GLFW.GLFW_KEY_P&&!Screen.hasControlDown()){mutate(()->theme.visualizer.particleDensity=Math.max(0,Math.min(2,theme.visualizer.particleDensity+(Screen.hasShiftDown()?-0.05:.05))));return true;}
                                              ^
    symbol:   method hasControlDown()
    location: class Screen
  C:\Users\Игорь\Desktop\player music\music-player-repair-work\extract\zalypamod-main\src\main\java\dev\musicplayer\ui\ThemeStudioScreen.java:321: error: cannot find symbol
              if(key==GLFW.GLFW_KEY_P&&!Screen.hasControlDown()){mutate(()->theme.visualizer.particleDensity=Math.max(0,Math.min(2,theme.visualizer.particleDensity+(Screen.hasShiftDown()?-0.05:.05))));return true;}
                                                                                                                                                                           ^
    symbol:   method hasShiftDown()
    location: class Screen
  C:\Users\Игорь\Desktop\player music\music-player-repair-work\extract\zalypamod-main\src\main\java\dev\musicplayer\ui\ThemeStudioScreen.java:322: error: cannot find symbol
              if(key==GLFW.GLFW_KEY_W){mutate(()->theme.visualizer.waveThickness=Math.max(.5,Math.min(12,theme.visualizer.waveThickness+(Screen.hasShiftDown()?-0.5:.5))));return true;}
                                                                                                                                               ^
    symbol:   method hasShiftDown()
    location: class Screen
  C:\Users\Игорь\Desktop\player music\music-player-repair-work\extract\zalypamod-main\src\main\java\dev\musicplayer\ui\ThemeStudioScreen.java:325: error: cannot find symbol
              if(key==GLFW.GLFW_KEY_T){mutate(()->theme.cover.scale=Math.max(.5,Math.min(1.5,theme.cover.scale+(Screen.hasShiftDown()?-0.05:.05))));return true;}
                                                                                                                      ^
    symbol:   method hasShiftDown()
    location: class Screen
  C:\Users\Игорь\Desktop\player music\music-player-repair-work\extract\zalypamod-main\src\main\java\dev\musicplayer\ui\ThemeStudioScreen.java:326: error: cannot find symbol
              if(key==GLFW.GLFW_KEY_Z){mutate(()->theme.cover.rotationSpeed=Math.max(0,Math.min(180,theme.cover.rotationSpeed+(Screen.hasShiftDown()?-5:5))));return true;}
                                                                                                                                     ^
    symbol:   method hasShiftDown()
    location: class Screen
  C:\Users\Игорь\Desktop\player music\music-player-repair-work\extract\zalypamod-main\src\main\java\dev\musicplayer\ui\ThemeStudioScreen.java:328: error: cannot find symbol
              if(key==GLFW.GLFW_KEY_RIGHT_BRACKET){mutate(()->theme.background.gradientAngle=Math.min(360,theme.background.gradientAngle+5));return true;}if(Screen.hasShiftDown()&&key==GLFW.GLFW_KEY_H){mutate(()->l.animationSpeed=Math.max(0,Math.min(6,l.animationSpeed+(Screen.hasControlDown()?-0.1:.1))));return true;}if(Screen.hasShiftDown()&&key==GLFW.GLFW_KEY_N){mutate(()->l.animationAmplitude=Math.max(0,Math.min(4,l.animationAmplitude+(Screen.hasControlDown()?-0.1:.1))));return true;}if(Screen.hasControlDown()&&key==GLFW.GLFW_KEY_P){mutate(()->l.animationPhase+=Screen.hasShiftDown()?-0.1:.1);return true;}if(Screen.hasControlDown()&&key==GLFW.GLFW_KEY_R){mutate(()->l.animateOpacity=!l.animateOpacity);return true;}
                                                                                                                                                                   ^
    symbol:   method hasShiftDown()
    location: class Screen
  C:\Users\Игорь\Desktop\player music\music-player-repair-work\extract\zalypamod-main\src\main\java\dev\musicplayer\ui\ThemeStudioScreen.java:328: error: cannot find symbol
              if(key==GLFW.GLFW_KEY_RIGHT_BRACKET){mutate(()->theme.background.gradientAngle=Math.min(360,theme.background.gradientAngle+5));return true;}if(Screen.hasShiftDown()&&key==GLFW.GLFW_KEY_H){mutate(()->l.animationSpeed=Math.max(0,Math.min(6,l.animationSpeed+(Screen.hasControlDown()?-0.1:.1))));return true;}if(Screen.hasShiftDown()&&key==GLFW.GLFW_KEY_N){mutate(()->l.animationAmplitude=Math.max(0,Math.min(4,l.animationAmplitude+(Screen.hasControlDown()?-0.1:.1))));return true;}if(Screen.hasControlDown()&&key==GLFW.GLFW_KEY_P){mutate(()->l.animationPhase+=Screen.hasShiftDown()?-0.1:.1);return true;}if(Screen.hasControlDown()&&key==GLFW.GLFW_KEY_R){mutate(()->l.animateOpacity=!l.animateOpacity);return true;}
                                                                                                                                                                                                                                                                                    ^
    symbol:   method hasControlDown()
    location: class Screen
  C:\Users\Игорь\Desktop\player music\music-player-repair-work\extract\zalypamod-main\src\main\java\dev\musicplayer\ui\ThemeStudioScreen.java:328: error: cannot find symbol
              if(key==GLFW.GLFW_KEY_RIGHT_BRACKET){mutate(()->theme.background.gradientAngle=Math.min(360,theme.background.gradientAngle+5));return true;}if(Screen.hasShiftDown()&&key==GLFW.GLFW_KEY_H){mutate(()->l.animationSpeed=Math.max(0,Math.min(6,l.animationSpeed+(Screen.hasControlDown()?-0.1:.1))));return true;}if(Screen.hasShiftDown()&&key==GLFW.GLFW_KEY_N){mutate(()->l.animationAmplitude=Math.max(0,Math.min(4,l.animationAmplitude+(Screen.hasControlDown()?-0.1:.1))));return true;}if(Screen.hasControlDown()&&key==GLFW.GLFW_KEY_P){mutate(()->l.animationPhase+=Screen.hasShiftDown()?-0.1:.1);return true;}if(Screen.hasControlDown()&&key==GLFW.GLFW_KEY_R){mutate(()->l.animateOpacity=!l.animateOpacity);return true;}
                                                                                                                                                                                                                                                                                                                                        ^
    symbol:   method hasShiftDown()
    location: class Screen
  C:\Users\Игорь\Desktop\player music\music-player-repair-work\extract\zalypamod-main\src\main\java\dev\musicplayer\ui\ThemeStudioScreen.java:328: error: cannot find symbol
              if(key==GLFW.GLFW_KEY_RIGHT_BRACKET){mutate(()->theme.background.gradientAngle=Math.min(360,theme.background.gradientAngle+5));return true;}if(Screen.hasShiftDown()&&key==GLFW.GLFW_KEY_H){mutate(()->l.animationSpeed=Math.max(0,Math.min(6,l.animationSpeed+(Screen.hasControlDown()?-0.1:.1))));return true;}if(Screen.hasShiftDown()&&key==GLFW.GLFW_KEY_N){mutate(()->l.animationAmplitude=Math.max(0,Math.min(4,l.animationAmplitude+(Screen.hasControlDown()?-0.1:.1))));return true;}if(Screen.hasControlDown()&&key==GLFW.GLFW_KEY_P){mutate(()->l.animationPhase+=Screen.hasShiftDown()?-0.1:.1);return true;}if(Screen.hasControlDown()&&key==GLFW.GLFW_KEY_R){mutate(()->l.animateOpacity=!l.animateOpacity);return true;}
                                                                                                                                                                                                                                                                                                                                                                                                                                                                 ^
    symbol:   method hasControlDown()
    location: class Screen
  C:\Users\Игорь\Desktop\player music\music-player-repair-work\extract\zalypamod-main\src\main\java\dev\musicplayer\ui\ThemeStudioScreen.java:328: error: cannot find symbol
              if(key==GLFW.GLFW_KEY_RIGHT_BRACKET){mutate(()->theme.background.gradientAngle=Math.min(360,theme.background.gradientAngle+5));return true;}if(Screen.hasShiftDown()&&key==GLFW.GLFW_KEY_H){mutate(()->l.animationSpeed=Math.max(0,Math.min(6,l.animationSpeed+(Screen.hasControlDown()?-0.1:.1))));return true;}if(Screen.hasShiftDown()&&key==GLFW.GLFW_KEY_N){mutate(()->l.animationAmplitude=Math.max(0,Math.min(4,l.animationAmplitude+(Screen.hasControlDown()?-0.1:.1))));return true;}if(Screen.hasControlDown()&&key==GLFW.GLFW_KEY_P){mutate(()->l.animationPhase+=Screen.hasShiftDown()?-0.1:.1);return true;}if(Screen.hasControlDown()&&key==GLFW.GLFW_KEY_R){mutate(()->l.animateOpacity=!l.animateOpacity);return true;}
                                                                                                                                                                                                                                                                                                                                                                                                                                                                                                                     ^
    symbol:   method hasControlDown()
    location: class Screen
  C:\Users\Игорь\Desktop\player music\music-player-repair-work\extract\zalypamod-main\src\main\java\dev\musicplayer\ui\ThemeStudioScreen.java:328: error: cannot find symbol
              if(key==GLFW.GLFW_KEY_RIGHT_BRACKET){mutate(()->theme.background.gradientAngle=Math.min(360,theme.background.gradientAngle+5));return true;}if(Screen.hasShiftDown()&&key==GLFW.GLFW_KEY_H){mutate(()->l.animationSpeed=Math.max(0,Math.min(6,l.animationSpeed+(Screen.hasControlDown()?-0.1:.1))));return true;}if(Screen.hasShiftDown()&&key==GLFW.GLFW_KEY_N){mutate(()->l.animationAmplitude=Math.max(0,Math.min(4,l.animationAmplitude+(Screen.hasControlDown()?-0.1:.1))));return true;}if(Screen.hasControlDown()&&key==GLFW.GLFW_KEY_P){mutate(()->l.animationPhase+=Screen.hasShiftDown()?-0.1:.1);return true;}if(Screen.hasControlDown()&&key==GLFW.GLFW_KEY_R){mutate(()->l.animateOpacity=!l.animateOpacity);return true;}
                                                                                                                                                                                                                                                                                                                                                                                                                                                                                                                                                                                                 ^
    symbol:   method hasShiftDown()
    location: class Screen
  C:\Users\Игорь\Desktop\player music\music-player-repair-work\extract\zalypamod-main\src\main\java\dev\musicplayer\ui\ThemeStudioScreen.java:328: error: cannot find symbol
              if(key==GLFW.GLFW_KEY_RIGHT_BRACKET){mutate(()->theme.background.gradientAngle=Math.min(360,theme.background.gradientAngle+5));return true;}if(Screen.hasShiftDown()&&key==GLFW.GLFW_KEY_H){mutate(()->l.animationSpeed=Math.max(0,Math.min(6,l.animationSpeed+(Screen.hasControlDown()?-0.1:.1))));return true;}if(Screen.hasShiftDown()&&key==GLFW.GLFW_KEY_N){mutate(()->l.animationAmplitude=Math.max(0,Math.min(4,l.animationAmplitude+(Screen.hasControlDown()?-0.1:.1))));return true;}if(Screen.hasControlDown()&&key==GLFW.GLFW_KEY_P){mutate(()->l.animationPhase+=Screen.hasShiftDown()?-0.1:.1);return true;}if(Screen.hasControlDown()&&key==GLFW.GLFW_KEY_R){mutate(()->l.animateOpacity=!l.animateOpacity);return true;}
                                                                                                                                                                                                                                                                                                                                                                                                                                                                                                                                                                                                                                                ^
    symbol:   method hasControlDown()
    location: class Screen
  C:\Users\Игорь\Desktop\player music\music-player-repair-work\extract\zalypamod-main\src\main\java\dev\musicplayer\ui\ThemeStudioScreen.java:329: error: cannot find symbol
              if(Screen.hasControlDown()&&key==GLFW.GLFW_KEY_A){selectedLayers.clear();for(int i=0;i<theme.layers.size();i++)selectedLayers.add(i);selected=theme.layers.isEmpty()?-1:0;syncFields();return true;}
                       ^
    symbol:   method hasControlDown()
    location: class Screen
  C:\Users\Игорь\Desktop\player music\music-player-repair-work\extract\zalypamod-main\src\main\java\dev\musicplayer\ui\ThemeStudioScreen.java:330: error: cannot find symbol
              if(Screen.hasControlDown()&&key==GLFW.GLFW_KEY_G){mutate(()->{String g=l.group==null||l.group.isBlank()?"Group 1":l.group;for(Integer i:selectedLayers)theme.layers.get(i).group=g;});return true;}
                       ^
    symbol:   method hasControlDown()
    location: class Screen
  C:\Users\Игорь\Desktop\player music\music-player-repair-work\extract\zalypamod-main\src\main\java\dev\musicplayer\ui\ThemeStudioScreen.java:331: error: cannot find symbol
              if(Screen.hasControlDown()&&key==GLFW.GLFW_KEY_DELETE){mutate(()->{List<Integer> ids=new ArrayList<>(selectedLayers);ids.sort(Comparator.reverseOrder());for(Integer i:ids)if(i>=0&&i<theme.layers.size()&&theme.layers.size()>1)theme.layers.remove((int)i);selectedLayers.clear();if(!theme.layers.isEmpty()){selected=0;selectedLayers.add(0);}syncFields();});return true;}
                       ^
    symbol:   method hasControlDown()
    location: class Screen
  112 errors

* Try:
> Check your code and dependencies to fix the compilation error(s)
> Run with --scan to generate a Build Scan (powered by Develocity).

Deprecated Gradle features were used in this build, making it incompatible with Gradle 10.

You can use '--warning-mode all' to show the individual deprecation warnings and determine if they come from your own scripts or plugins.

For more on this, please refer to https://docs.gradle.org/9.2.1/userguide/command_line_interface.html#sec:command_line_warnings in the Gradle documentation.

BUILD FAILED in 39s
6 actionable tasks: 6 executed
